date,store_id,region,product_id,category,price_usd,promo_flag,holiday_flag,is_weekend,units_sold,stock,stockout
2025-01-01,S002,North,P0913,Personal Care,4.98,1,0,0,18,18,1
2025-01-01,S009,North,P0913,Personal Care,6.85,0,0,0,24,27,0
2025-01-01,S001,North,P0456,Snacks,2.14,0,0,0,74,74,1
2025-01-01,S005,East,P0790,Dairy,3.49,1,1,0,93,97,0
2025-01-01,S007,West,P0913,Personal Care,7.02,0,0,0,15,18,0
2025-01-01,S006,East,P0789,Dairy,3.25,1,0,0,61,77,0
2025-01-01,S008,West,P0790,Dairy,3.96,0,0,0,40,40,0
2025-01-01,S010,South,P0456,Snacks,1.86,0,0,0,74,74,1
2025-01-02,S009,North,P0001,Beverages,3.47,0,0,0,47,47,1
2025-01-02,S003,South,P0001,Beverages,2.87,1,0,0,84,84,1
2025-01-02,S006,East,P0913,Personal Care,5.56,1,0,0,57,70,0
2025-01-02,S001,North,P0002,Beverages,3.56,0,0,0,58,64,0
2025-01-03,S001,North,P0790,Dairy,3.99,0,0,0,29,29,1
2025-01-04,S009,North,P0789,Dairy,4.41,0,0,1,44,53,0
2025-01-04,S003,South,P0912,Personal Care,5.35,1,0,1,53,63,0
2025-01-04,S007,West,P0002,Beverages,3.84,0,0,1,68,73,0
2025-01-04,S008,West,P0789,Dairy,3.76,1,0,1,69,69,1
2025-01-04,S005,East,P0789,Dairy,3.77,1,0,1,95,110,0
2025-01-04,S001,North,P0002,Beverages,2.72,1,0,1,100,108,0
2025-01-05,S004,South,P0789,Dairy,3.8,1,0,1,62,62,1
2025-01-05,S007,West,P0002,Beverages,3.81,0,0,1,53,53,0
2025-01-05,S004,South,P0913,Personal Care,6.7,0,0,1,26,32,0
2025-01-05,S005,East,P0456,Snacks,1.98,0,0,1,98,111,0
2025-01-05,S002,North,P0789,Dairy,4.38,0,0,1,53,54,0
2025-01-05,S009,North,P0001,Beverages,2.95,1,0,1,96,113,0
2025-01-05,S005,East,P0913,Personal Care,6.89,0,0,1,24,24,1
2025-01-06,S004,South,P0457,Snacks,1.58,1,0,0,133,140,0
2025-01-06,S008,West,P0456,Snacks,1.69,1,0,0,134,172,0
2025-01-06,S006,East,P0913,Personal Care,7.09,0,0,0,33,37,0
2025-01-06,S009,North,P0001,Beverages,3.16,0,0,0,45,45,1
2025-01-07,S008,West,P0913,Personal Care,5.56,1,0,0,49,58,0
2025-01-07,S010,South,P0790,Dairy,3.95,0,0,0,31,31,1
2025-01-07,S001,North,P0913,Personal Care,5.89,0,0,0,35,35,0
2025-01-07,S002,North,P0457,Snacks,2.12,0,0,0,56,56,1
2025-01-08,S004,South,P0913,Personal Care,6.44,0,0,0,27,30,0
2025-01-08,S002,North,P0790,Dairy,4.18,0,0,0,41,41,1
2025-01-08,S008,West,P0789,Dairy,4.2,0,0,0,34,34,1
2025-01-08,S008,West,P0001,Beverages,2.92,1,0,0,59,59,1
2025-01-09,S007,West,P0457,Snacks,1.97,0,0,0,90,102,0
2025-01-09,S004,South,P0457,Snacks,2.03,0,1,0,117,117,1
2025-01-09,S002,North,P0912,Personal Care,6.21,0,0,0,21,21,1
2025-01-09,S002,North,P0913,Personal Care,5.83,1,0,0,38,41,0
2025-01-10,S002,North,P0912,Personal Care,5.46,1,0,0,30,31,0
2025-01-10,S007,West,P0001,Beverages,3.07,1,0,0,75,91,0
2025-01-10,S005,East,P0912,Personal Care,6.37,0,0,0,21,25,0
2025-01-10,S006,East,P0790,Dairy,4.34,0,0,0,32,33,0
2025-01-11,S001,North,P0001,Beverages,2.7,1,0,1,100,100,1
2025-01-11,S001,North,P0913,Personal Care,6.98,0,0,1,23,23,1
2025-01-11,S002,North,P0001,Beverages,3.18,0,0,1,54,68,0
2025-01-12,S005,East,P0001,Beverages,2.76,1,0,1,96,96,1
2025-01-12,S002,North,P0912,Personal Care,5.01,1,0,1,35,35,1
2025-01-12,S007,West,P0913,Personal Care,5.71,1,0,1,37,37,1
2025-01-12,S002,North,P0001,Beverages,3.63,0,0,1,65,79,0
2025-01-12,S008,West,P0001,Beverages,3.63,0,1,1,95,104,0
2025-01-13,S005,East,P0913,Personal Care,5.7,1,0,0,48,49,0
2025-01-13,S009,North,P0456,Snacks,1.93,0,0,0,84,97,0
2025-01-13,S009,North,P0912,Personal Care,6.01,0,0,0,23,23,1
2025-01-13,S010,South,P0912,Personal Care,6.56,0,0,0,25,25,1
2025-01-13,S006,East,P0002,Beverages,3.06,1,0,0,87,89,0
2025-01-14,S008,West,P0913,Personal Care,6.91,0,0,0,18,18,0
2025-01-14,S004,South,P0912,Personal Care,6.82,0,0,0,28,33,0
2025-01-14,S007,West,P0913,Personal Care,6.17,0,0,0,34,42,0
2025-01-14,S006,East,P0456,Snacks,1.9,0,0,0,74,87,0
2025-01-14,S003,South,P0913,Personal Care,6.78,0,0,0,16,16,1
2025-01-14,S007,West,P0912,Personal Care,6.09,0,0,0,17,17,1
2025-01-14,S008,West,P0457,Snacks,1.81,1,0,0,95,95,1
2025-01-15,S007,West,P0790,Dairy,3.97,0,0,0,32,32,1
2025-01-15,S010,South,P0913,Personal Care,6.18,0,0,0,22,26,0
2025-01-15,S007,West,P0002,Beverages,3.25,0,0,0,40,40,1
2025-01-15,S002,North,P0001,Beverages,2.69,1,0,0,84,86,0
2025-01-15,S010,South,P0001,Beverages,3.5,0,0,0,51,51,1
2025-01-15,S007,West,P0001,Beverages,3.24,0,0,0,39,40,0
2025-01-16,S007,West,P0789,Dairy,3.85,1,0,0,46,46,1
2025-01-16,S009,North,P0912,Personal Care,5.94,0,0,0,30,30,0
2025-01-16,S006,East,P0913,Personal Care,6.27,0,0,0,22,28,0
2025-01-17,S002,North,P0790,Dairy,4.17,0,0,0,27,34,0
2025-01-17,S009,North,P0912,Personal Care,5.47,1,0,0,45,49,0
2025-01-17,S004,South,P0456,Snacks,1.67,1,0,0,148,178,0
2025-01-17,S005,East,P0457,Snacks,1.78,1,0,0,113,132,0
2025-01-17,S002,North,P0789,Dairy,4.0,0,1,0,57,71,0
2025-01-18,S009,North,P0001,Beverages,3.46,0,0,1,67,83,0
2025-01-18,S006,East,P0457,Snacks,1.84,1,0,1,125,125,1
2025-01-19,S008,West,P0002,Beverages,3.7,0,0,1,56,56,1
2025-01-19,S002,North,P0456,Snacks,2.19,0,0,1,84,84,1
2025-01-19,S006,East,P0001,Beverages,3.57,0,0,1,72,72,0
2025-01-20,S009,North,P0790,Dairy,3.84,0,0,0,34,34,1
2025-01-20,S006,East,P0913,Personal Care,6.7,0,0,0,19,22,0
2025-01-20,S010,South,P0001,Beverages,3.19,0,0,0,34,34,1
2025-01-20,S003,South,P0912,Personal Care,5.53,1,0,0,42,45,0
2025-01-21,S006,East,P0912,Personal Care,6.38,0,0,0,27,27,0
2025-01-21,S006,East,P0790,Dairy,4.59,0,0,0,33,33,1
2025-01-22,S006,East,P0912,Personal Care,6.1,0,0,0,27,32,0
2025-01-22,S005,East,P0789,Dairy,4.19,0,0,0,30,30,1
2025-01-22,S004,South,P0913,Personal Care,6.05,0,0,0,21,21,1
2025-01-23,S009,North,P0789,Dairy,4.44,0,0,0,46,51,0
2025-01-23,S001,North,P0002,Beverages,3.7,0,0,0,54,54,1
2025-01-23,S006,East,P0913,Personal Care,6.44,0,0,0,32,41,0
2025-01-23,S007,West,P0789,Dairy,3.75,1,1,0,67,67,1
2025-01-25,S001,North,P0789,Dairy,4.17,0,0,1,61,61,1
2025-01-25,S010,South,P0789,Dairy,3.84,0,0,1,50,50,0
2025-01-25,S001,North,P0912,Personal Care,6.05,1,0,1,43,43,1
2025-01-25,S004,South,P0790,Dairy,4.18,0,0,1,48,48,1
2025-01-25,S008,West,P0002,Beverages,3.67,0,0,1,56,56,1
2025-01-25,S001,North,P0913,Personal Care,5.39,1,0,1,38,38,1
2025-01-25,S004,South,P0790,Dairy,4.2,0,0,1,56,68,0
2025-01-26,S009,North,P0912,Personal Care,6.45,0,0,1,39,45,0
2025-01-26,S006,East,P0790,Dairy,3.82,0,0,1,44,49,0
2025-01-26,S002,North,P0912,Personal Care,5.35,1,0,1,46,52,0
2025-01-26,S003,South,P0912,Personal Care,5.07,1,0,1,47,47,1
2025-01-27,S008,West,P0002,Beverages,3.67,0,0,0,48,48,1
2025-01-27,S010,South,P0002,Beverages,3.66,0,0,0,47,47,1
2025-01-28,S009,North,P0457,Snacks,2.14,0,0,0,90,103,0
2025-01-28,S005,East,P0001,Beverages,3.74,0,0,0,37,37,1
2025-01-28,S004,South,P0457,Snacks,1.58,1,0,0,107,107,1
2025-01-28,S010,South,P0790,Dairy,3.49,1,0,0,62,62,0
2025-01-28,S003,South,P0913,Personal Care,5.75,1,0,0,26,27,0
2025-01-29,S003,South,P0912,Personal Care,6.68,0,1,0,30,34,0
2025-01-29,S010,South,P0790,Dairy,4.22,0,0,0,38,43,0
2025-01-29,S001,North,P0002,Beverages,3.15,1,0,0,76,76,1
2025-01-29,S001,North,P0001,Beverages,3.27,0,0,0,55,69,0
2025-01-29,S005,East,P0001,Beverages,3.27,0,0,0,54,56,0
2025-01-30,S006,East,P0001,Beverages,3.19,0,0,0,54,54,1
2025-01-31,S005,East,P0457,Snacks,1.99,0,0,0,68,77,0
2025-02-01,S002,North,P0456,Snacks,2.11,0,0,1,71,71,1
2025-02-02,S004,South,P0913,Personal Care,5.29,1,0,1,26,26,1
2025-02-02,S007,West,P0457,Snacks,1.95,0,0,1,87,87,1
2025-02-02,S009,North,P0789,Dairy,3.65,1,0,1,68,68,1
2025-02-03,S007,West,P0790,Dairy,3.69,1,0,0,76,76,1
2025-02-03,S009,North,P0789,Dairy,4.33,0,0,0,33,33,1
2025-02-03,S009,North,P0789,Dairy,3.88,0,0,0,27,27,1
2025-02-03,S007,West,P0790,Dairy,3.88,0,0,0,35,35,1
2025-02-03,S006,East,P0001,Beverages,2.95,1,0,0,80,101,0
2025-02-03,S009,North,P0002,Beverages,3.47,0,0,0,55,64,0
2025-02-04,S006,East,P0457,Snacks,2.12,0,0,0,80,97,0
2025-02-04,S010,South,P0912,Personal Care,5.87,0,0,0,14,14,1
2025-02-04,S009,North,P0913,Personal Care,5.89,0,0,0,15,18,0
2025-02-04,S001,North,P0002,Beverages,3.07,1,0,0,89,103,0
2025-02-04,S003,South,P0456,Snacks,1.91,0,0,0,88,95,0
2025-02-04,S007,West,P0001,Beverages,3.52,0,0,0,42,49,0
2025-02-05,S007,West,P0913,Personal Care,6.21,0,0,0,20,24,0
2025-02-05,S005,East,P0457,Snacks,2.14,0,0,0,60,60,1
2025-02-05,S001,North,P0912,Personal Care,5.77,1,0,0,24,24,1
2025-02-05,S004,South,P0001,Beverages,2.91,1,0,0,56,56,1
2025-02-05,S009,North,P0456,Snacks,1.93,0,0,0,73,89,0
2025-02-05,S010,South,P0913,Personal Care,5.98,0,0,0,19,19,1
2025-02-06,S002,North,P0002,Beverages,3.55,0,0,0,55,66,0
2025-02-06,S003,South,P0001,Beverages,3.38,0,0,0,43,43,1
2025-02-06,S009,North,P0457,Snacks,1.91,0,0,0,84,84,0
2025-02-07,S006,East,P0912,Personal Care,5.31,1,0,0,48,56,0
2025-02-07,S002,North,P0456,Snacks,2.02,0,0,0,65,65,1
2025-02-07,S004,South,P0789,Dairy,4.6,0,0,0,22,22,1
2025-02-07,S008,West,P0790,Dairy,4.5,0,0,0,36,41,0
2025-02-07,S009,North,P0457,Snacks,2.09,0,1,0,99,99,1
2025-02-08,S004,South,P0790,Dairy,3.26,1,0,1,70,72,0
2025-02-08,S004,South,P0001,Beverages,2.81,1,0,1,75,75,1
2025-02-08,S008,West,P0002,Beverages,3.77,0,0,1,48,48,1
2025-02-08,S001,North,P0913,Personal Care,7.14,0,1,1,39,39,1
2025-02-08,S004,South,P0789,Dairy,3.28,1,0,1,90,107,0
2025-02-08,S008,West,P0913,Personal Care,6.41,0,0,1,29,33,0
2025-02-08,S009,North,P0456,Snacks,2.04,0,0,1,108,121,0
2025-02-08,S004,South,P0912,Personal Care,5.4,1,0,1,47,59,0
2025-02-08,S002,North,P0456,Snacks,2.05,0,0,1,77,77,1
2025-02-08,S006,East,P0002,Beverages,2.96,1,0,1,94,100,0
2025-02-09,S003,South,P0913,Personal Care,5.54,1,0,1,31,31,1
2025-02-09,S010,South,P0912,Personal Care,6.52,0,0,1,27,27,1
2025-02-10,S005,East,P0001,Beverages,2.88,1,0,0,79,79,1
2025-02-10,S003,South,P0456,Snacks,1.96,0,0,0,78,97,0
2025-02-10,S005,East,P0789,Dairy,4.47,0,0,0,19,19,1
2025-02-10,S004,South,P0002,Beverages,3.71,0,0,0,53,56,0
2025-02-11,S008,West,P0457,Snacks,1.93,0,0,0,87,94,0
2025-02-11,S010,South,P0002,Beverages,3.5,0,0,0,32,32,1
2025-02-11,S003,South,P0457,Snacks,2.01,0,0,0,89,90,0
2025-02-11,S001,North,P0912,Personal Care,5.11,1,0,0,41,46,0
2025-02-11,S009,North,P0790,Dairy,4.14,0,0,0,38,38,1
2025-02-11,S010,South,P0790,Dairy,4.47,0,0,0,39,40,0
2025-02-11,S010,South,P0456,Snacks,2.08,0,0,0,73,73,1
2025-02-12,S004,South,P0789,Dairy,3.91,0,0,0,31,31,1
2025-02-12,S001,North,P0001,Beverages,3.41,0,0,0,38,38,1
2025-02-13,S005,East,P0790,Dairy,4.59,0,1,0,40,40,1
2025-02-13,S010,South,P0456,Snacks,1.98,0,1,0,86,86,1
2025-02-13,S010,South,P0457,Snacks,2.04,0,0,0,69,69,1
2025-02-13,S004,South,P0789,Dairy,4.24,0,0,0,43,43,1
2025-02-13,S010,South,P0002,Beverages,2.71,1,0,0,76,97,0
2025-02-14,S007,West,P0457,Snacks,1.86,0,0,0,77,77,1
2025-02-15,S003,South,P0789,Dairy,4.3,0,0,1,43,43,1
2025-02-15,S005,East,P0913,Personal Care,6.56,0,1,1,56,57,0
2025-02-15,S006,East,P0789,Dairy,3.83,0,0,1,40,40,1
2025-02-15,S006,East,P0001,Beverages,3.22,0,0,1,62,62,1
2025-02-16,S004,South,P0790,Dairy,4.15,0,0,1,49,49,1
2025-02-16,S001,North,P0456,Snacks,1.98,0,0,1,107,126,0
2025-02-16,S003,South,P0913,Personal Care,4.97,1,0,1,42,42,1
2025-02-16,S006,East,P0456,Snacks,2.05,0,0,1,120,120,1
2025-02-16,S006,East,P0456,Snacks,2.05,0,0,1,97,97,1
2025-02-16,S003,South,P0913,Personal Care,7.14,0,0,1,16,16,1
2025-02-16,S004,South,P0001,Beverages,2.68,1,0,1,114,135,0
2025-02-17,S001,North,P0457,Snacks,1.67,1,0,0,136,151,0
2025-02-17,S006,East,P0456,Snacks,1.8,1,0,0,153,194,0
2025-02-17,S006,East,P0913,Personal Care,5.9,1,0,0,27,27,1
2025-02-18,S010,South,P0789,Dairy,3.83,1,0,0,49,49,1
2025-02-18,S007,West,P0456,Snacks,2.14,0,1,0,87,87,1
2025-02-18,S003,South,P0789,Dairy,3.94,0,0,0,42,42,1
2025-02-18,S004,South,P0913,Personal Care,6.53,0,0,0,21,21,1
2025-02-19,S006,East,P0790,Dairy,3.77,1,0,0,50,50,1
2025-02-20,S002,North,P0913,Personal Care,5.8,1,0,0,36,36,0
2025-02-20,S010,South,P0002,Beverages,3.19,0,0,0,49,49,1
2025-02-20,S009,North,P0913,Personal Care,5.37,1,0,0,31,31,1
2025-02-20,S004,South,P0002,Beverages,3.79,0,0,0,37,37,1
2025-02-20,S001,North,P0457,Snacks,1.8,0,0,0,70,76,0
2025-02-20,S001,North,P0913,Personal Care,6.76,0,0,0,22,25,0
2025-02-20,S005,East,P0002,Beverages,3.42,0,0,0,45,45,1
2025-02-20,S003,South,P0457,Snacks,1.87,0,1,0,122,138,0
2025-02-21,S009,North,P0001,Beverages,3.6,0,0,0,41,41,1
2025-02-21,S009,North,P0913,Personal Care,5.79,1,0,0,61,67,0
2025-02-21,S006,East,P0790,Dairy,3.25,1,0,0,68,79,0
2025-02-22,S005,East,P0457,Snacks,1.9,0,0,1,121,136,0
2025-02-22,S010,South,P0456,Snacks,2.01,0,0,1,104,104,1
2025-02-22,S004,South,P0002,Beverages,3.37,0,0,1,72,72,0
2025-02-22,S010,South,P0457,Snacks,1.79,1,0,1,140,140,1
2025-02-22,S005,East,P0001,Beverages,3.39,0,0,1,54,54,1
2025-02-22,S004,South,P0789,Dairy,3.8,0,0,1,63,73,0
2025-02-22,S008,West,P0789,Dairy,3.84,0,0,1,45,45,1
2025-02-22,S007,West,P0457,Snacks,2.18,0,0,1,78,78,1
2025-02-23,S009,North,P0001,Beverages,2.76,1,0,1,98,102,0
2025-02-23,S005,East,P0913,Personal Care,6.73,0,0,1,28,35,0
2025-02-23,S008,West,P0790,Dairy,4.37,0,0,1,26,26,1
2025-02-23,S004,South,P0001,Beverages,3.25,1,0,1,96,96,0
2025-02-23,S005,East,P0790,Dairy,4.46,0,0,1,48,48,1
2025-02-23,S003,South,P0790,Dairy,4.53,0,0,1,56,72,0
2025-02-23,S002,North,P0456,Snacks,1.84,0,0,1,101,101,1
2025-02-23,S010,South,P0790,Dairy,4.15,0,0,1,54,57,0
2025-02-24,S010,South,P0790,Dairy,4.54,0,0,0,44,44,1
2025-02-24,S004,South,P0912,Personal Care,6.87,0,0,0,31,37,0
2025-02-24,S004,South,P0789,Dairy,4.46,0,0,0,33,39,0
2025-02-24,S006,East,P0789,Dairy,4.53,0,0,0,55,55,0
2025-02-24,S007,West,P0001,Beverages,2.69,1,0,0,52,52,1
2025-02-25,S001,North,P0002,Beverages,3.55,0,0,0,48,59,0
2025-02-25,S010,South,P0789,Dairy,3.82,1,0,0,70,89,0
2025-02-26,S006,East,P0002,Beverages,2.93,1,0,0,82,82,1
2025-02-26,S010,South,P0456,Snacks,2.16,0,0,0,76,76,1
2025-02-27,S002,North,P0457,Snacks,1.92,0,0,0,82,88,0
2025-02-27,S004,South,P0002,Beverages,3.44,0,0,0,46,53,0
2025-02-27,S010,South,P0457,Snacks,2.02,0,0,0,53,53,1
2025-02-27,S005,East,P0790,Dairy,3.83,0,0,0,30,30,1
2025-02-27,S007,West,P0790,Dairy,4.52,0,1,0,38,38,1
2025-02-27,S003,South,P0912,Personal Care,6.84,0,0,0,25,25,1
2025-02-28,S009,North,P0790,Dairy,4.12,0,0,0,34,34,0
2025-02-28,S008,West,P0001,Beverages,3.68,0,0,0,50,53,0
2025-02-28,S006,East,P0001,Beverages,3.59,0,0,0,41,47,0
2025-03-01,S009,North,P0456,Snacks,2.13,0,0,1,107,107,1
2025-03-01,S001,North,P0912,Personal Care,6.97,0,0,1,22,22,1
2025-03-01,S006,East,P0790,Dairy,3.3,1,0,1,79,79,1
2025-03-02,S001,North,P0001,Beverages,3.15,1,0,1,72,72,1
2025-03-02,S004,South,P0456,Snacks,2.19,0,1,1,142,159,0
2025-03-02,S003,South,P0790,Dairy,3.82,0,0,1,52,63,0
2025-03-03,S003,South,P0456,Snacks,1.83,1,0,0,100,100,1
2025-03-03,S008,West,P0790,Dairy,3.99,0,0,0,42,50,0
2025-03-03,S003,South,P0456,Snacks,1.82,0,1,0,106,106,1
2025-03-03,S001,North,P0790,Dairy,4.12,0,0,0,24,24,1
2025-03-03,S009,North,P0456,Snacks,1.6,1,0,0,124,145,0
2025-03-04,S007,West,P0912,Personal Care,6.87,0,0,0,32,32,1
2025-03-04,S010,South,P0001,Beverages,3.84,0,0,0,51,53,0
2025-03-04,S001,North,P0456,Snacks,1.73,1,0,0,128,138,0
2025-03-04,S008,West,P0002,Beverages,3.03,1,0,0,63,70,0
2025-03-04,S003,South,P0457,Snacks,2.06,0,0,0,85,88,0
2025-03-04,S009,North,P0001,Beverages,3.52,0,0,0,35,35,1
2025-03-04,S003,South,P0002,Beverages,3.3,0,0,0,64,74,0
2025-03-04,S004,South,P0002,Beverages,3.05,1,0,0,77,78,0
2025-03-05,S003,South,P0001,Beverages,3.58,0,0,0,55,60,0
2025-03-06,S010,South,P0002,Beverages,3.77,0,0,0,38,46,0
2025-03-06,S004,South,P0789,Dairy,4.62,0,0,0,34,37,0
2025-03-06,S002,North,P0457,Snacks,2.13,0,0,0,89,89,1
2025-03-07,S010,South,P0001,Beverages,3.25,1,0,0,90,107,0
2025-03-07,S008,West,P0790,Dairy,3.99,0,0,0,37,37,1
2025-03-08,S009,North,P0912,Personal Care,7.01,0,0,1,34,34,1
2025-03-08,S010,South,P0456,Snacks,2.0,0,0,1,105,122,0
2025-03-08,S002,North,P0002,Beverages,3.57,0,0,1,53,53,1
2025-03-09,S006,East,P0913,Personal Care,5.81,1,0,1,39,39,1
2025-03-09,S006,East,P0789,Dairy,3.35,1,0,1,80,95,0
2025-03-10,S004,South,P0456,Snacks,1.92,0,0,0,73,74,0
2025-03-10,S005,East,P0789,Dairy,4.44,0,0,0,36,45,0
2025-03-10,S004,South,P0790,Dairy,4.57,0,0,0,45,45,1
2025-03-10,S003,South,P0789,Dairy,3.82,1,0,0,68,82,0
2025-03-10,S003,South,P0790,Dairy,3.91,0,0,0,43,48,0
2025-03-10,S007,West,P0789,Dairy,3.72,1,0,0,55,55,1
2025-03-10,S001,North,P0790,Dairy,3.85,1,1,0,58,58,1
2025-03-11,S004,South,P0002,Beverages,3.32,0,0,0,29,29,1
2025-03-11,S008,West,P0913,Personal Care,6.83,0,0,0,30,30,1
2025-03-13,S010,South,P0001,Beverages,3.53,0,0,0,51,64,0
2025-03-13,S001,North,P0789,Dairy,3.9,0,0,0,41,41,1
2025-03-14,S001,North,P0456,Snacks,1.97,0,0,0,63,65,0
2025-03-14,S005,East,P0456,Snacks,1.8,0,0,0,86,103,0
2025-03-15,S009,North,P0790,Dairy,4.06,0,0,1,47,47,1
2025-03-16,S002,North,P0001,Beverages,3.2,0,0,1,62,76,0
2025-03-16,S002,North,P0913,Personal Care,6.09,0,1,1,50,51,0
2025-03-16,S001,North,P0789,Dairy,4.61,0,0,1,39,41,0
2025-03-16,S007,West,P0790,Dairy,3.82,0,0,1,45,45,1
2025-03-16,S002,North,P0790,Dairy,4.31,0,0,1,29,29,1
2025-03-16,S004,South,P0913,Personal Care,6.53,0,0,1,30,34,0
2025-03-17,S003,South,P0789,Dairy,4.1,0,0,0,40,40,1
2025-03-17,S010,South,P0001,Beverages,3.45,0,0,0,45,45,1
2025-03-17,S006,East,P0913,Personal Care,6.16,0,0,0,20,24,0
2025-03-17,S001,North,P0002,Beverages,3.73,0,0,0,45,45,1
2025-03-17,S006,East,P0001,Beverages,3.6,0,0,0,37,37,1
2025-03-19,S010,South,P0790,Dairy,4.0,0,0,0,43,50,0
2025-03-19,S007,West,P0912,Personal Care,5.75,1,0,0,26,26,1
2025-03-19,S006,East,P0790,Dairy,4.47,0,0,0,42,49,0
2025-03-19,S009,North,P0913,Personal Care,6.81,0,0,0,18,18,1
2025-03-19,S008,West,P0456,Snacks,2.19,0,0,0,97,107,0
2025-03-19,S003,South,P0789,Dairy,4.04,0,0,0,46,46,1
2025-03-21,S005,East,P0456,Snacks,1.84,1,1,0,137,137,1
2025-03-21,S010,South,P0456,Snacks,1.96,0,0,0,77,83,0
2025-03-22,S003,South,P0456,Snacks,1.73,1,0,1,142,142,1
2025-03-22,S002,North,P0912,Personal Care,6.46,0,0,1,31,37,0
2025-03-22,S010,South,P0457,Snacks,2.18,0,0,1,115,140,0
2025-03-22,S008,West,P0912,Personal Care,5.92,0,0,1,22,25,0
2025-03-22,S007,West,P0457,Snacks,1.55,1,0,1,155,196,0
2025-03-22,S002,North,P0457,Snacks,1.59,1,0,1,150,166,0
2025-03-23,S006,East,P0456,Snacks,2.15,0,0,1,106,115,0
2025-03-23,S006,East,P0002,Beverages,3.03,1,0,1,84,84,1
2025-03-23,S001,North,P0913,Personal Care,5.74,1,0,1,49,62,0
2025-03-24,S008,West,P0913,Personal Care,7.0,0,0,0,14,14,1
2025-03-24,S001,North,P0912,Personal Care,7.07,0,0,0,26,26,1
2025-03-25,S005,East,P0912,Personal Care,7.01,0,0,0,22,25,0
2025-03-25,S007,West,P0457,Snacks,1.82,0,0,0,94,94,1
2025-03-25,S004,South,P0456,Snacks,1.57,1,0,0,97,97,1
2025-03-26,S008,West,P0457,Snacks,1.94,0,0,0,88,113,0
2025-03-26,S008,West,P0912,Personal Care,6.77,0,0,0,26,26,1
2025-03-27,S010,South,P0913,Personal Care,5.85,0,0,0,19,19,1
2025-03-27,S002,North,P0001,Beverages,3.53,0,0,0,33,33,1
2025-03-27,S001,North,P0913,Personal Care,6.1,0,0,0,24,24,1
2025-03-27,S006,East,P0456,Snacks,1.8,1,0,0,107,107,1
2025-03-27,S008,West,P0789,Dairy,4.21,0,0,0,45,54,0
2025-03-28,S006,East,P0457,Snacks,2.1,0,0,0,74,89,0
2025-03-28,S005,East,P0790,Dairy,4.12,0,0,0,50,52,0
2025-03-29,S007,West,P0913,Personal Care,6.18,0,0,1,30,31,0
2025-03-29,S005,East,P0790,Dairy,3.39,1,0,1,76,80,0
2025-03-30,S004,South,P0789,Dairy,3.82,0,0,1,42,42,1
2025-03-30,S001,North,P0912,Personal Care,6.16,0,0,1,34,39,0
2025-03-30,S007,West,P0789,Dairy,3.91,0,0,1,52,55,0
2025-03-30,S007,West,P0789,Dairy,4.48,0,0,1,36,36,1
2025-03-30,S007,West,P0001,Beverages,3.79,0,0,1,47,47,1
2025-03-31,S004,South,P0790,Dairy,4.48,0,0,0,31,31,1
2025-03-31,S009,North,P0913,Personal Care,6.0,0,1,0,31,31,1
2025-03-31,S001,North,P0456,Snacks,2.1,0,0,0,57,57,1
2025-03-31,S005,East,P0789,Dairy,4.09,0,0,0,34,34,1
2025-03-31,S008,West,P0001,Beverages,3.35,0,0,0,33,33,1
2025-04-01,S007,West,P0457,Snacks,1.88,0,0,0,74,78,0
2025-04-02,S004,South,P0457,Snacks,1.94,0,0,0,79,81,0
2025-04-02,S004,South,P0912,Personal Care,6.21,0,0,0,19,22,0
2025-04-02,S010,South,P0002,Beverages,3.84,0,0,0,52,52,1
2025-04-02,S009,North,P0912,Personal Care,6.05,0,0,0,39,39,0
2025-04-02,S010,South,P0913,Personal Care,6.83,0,0,0,29,36,0
2025-04-02,S005,East,P0456,Snacks,1.53,1,0,0,111,111,1
2025-04-03,S002,North,P0912,Personal Care,7.03,0,0,0,18,18,1
2025-04-03,S009,North,P0002,Beverages,3.45,0,0,0,58,66,0
2025-04-04,S001,North,P0457,Snacks,1.92,0,0,0,65,65,1
2025-04-04,S009,North,P0002,Beverages,3.39,0,0,0,55,69,0
2025-04-04,S003,South,P0790,Dairy,4.13,0,0,0,30,30,1
2025-04-05,S005,East,P0002,Beverages,3.23,0,0,1,50,57,0
2025-04-05,S003,South,P0790,Dairy,3.83,1,0,1,84,87,0
2025-04-05,S006,East,P0457,Snacks,2.19,0,0,1,74,74,1
2025-04-05,S004,South,P0001,Beverages,3.31,0,0,1,68,71,0
2025-04-05,S006,East,P0002,Beverages,3.48,0,0,1,61,72,0
2025-04-05,S001,North,P0790,Dairy,3.54,1,0,1,62,62,1
2025-04-05,S008,West,P0789,Dairy,4.44,0,0,1,33,33,1
2025-04-06,S005,East,P0790,Dairy,4.29,0,0,1,56,56,1
2025-04-06,S002,North,P0002,Beverages,3.74,0,0,1,58,58,0
2025-04-06,S003,South,P0001,Beverages,3.09,1,0,1,102,102,1
2025-04-06,S001,North,P0912,Personal Care,5.36,1,0,1,46,50,0
2025-04-06,S004,South,P0913,Personal Care,5.9,0,0,1,31,38,0
2025-04-06,S003,South,P0790,Dairy,4.0,0,0,1,35,35,1
2025-04-07,S003,South,P0912,Personal Care,6.37,0,0,0,29,32,0
2025-04-07,S007,West,P0457,Snacks,2.06,0,0,0,73,84,0
2025-04-07,S006,East,P0913,Personal Care,5.58,1,0,0,29,29,1
2025-04-07,S008,West,P0456,Snacks,2.09,0,0,0,71,71,1
2025-04-08,S003,South,P0789,Dairy,4.15,0,0,0,32,34,0
2025-04-08,S010,South,P0456,Snacks,1.68,1,0,0,103,103,1
2025-04-08,S010,South,P0456,Snacks,2.0,0,0,0,73,73,1
2025-04-08,S008,West,P0913,Personal Care,6.79,0,0,0,28,33,0
2025-04-08,S009,North,P0790,Dairy,3.84,0,0,0,35,44,0
2025-04-08,S007,West,P0912,Personal Care,6.21,0,0,0,14,14,1
2025-04-08,S003,South,P0789,Dairy,4.44,0,0,0,36,40,0
2025-04-09,S004,South,P0912,Personal Care,5.57,1,1,0,42,42,1
2025-04-09,S007,West,P0790,Dairy,3.5,1,0,0,48,48,1
2025-04-09,S004,South,P0789,Dairy,3.35,1,0,0,53,53,1
2025-04-09,S007,West,P0789,Dairy,4.39,0,0,0,40,41,0
2025-04-09,S010,South,P0789,Dairy,3.91,0,0,0,29,29,1
2025-04-09,S006,East,P0913,Personal Care,5.02,1,0,0,31,31,1
2025-04-09,S006,East,P0789,Dairy,4.04,0,0,0,31,33,0
2025-04-09,S004,South,P0912,Personal Care,5.58,1,0,0,31,33,0
2025-04-09,S005,East,P0790,Dairy,3.85,0,0,0,46,48,0
2025-04-10,S003,South,P0912,Personal Care,6.38,0,0,0,24,24,0
2025-04-10,S007,West,P0789,Dairy,3.89,0,0,0,30,30,0
2025-04-10,S001,North,P0001,Beverages,3.07,1,0,0,88,93,0
2025-04-10,S004,South,P0457,Snacks,1.84,0,0,0,82,82,1
2025-04-11,S001,North,P0790,Dairy,4.26,0,0,0,39,45,0
2025-04-11,S010,South,P0457,Snacks,2.06,0,0,0,84,91,0
2025-04-11,S006,East,P0001,Beverages,3.11,1,0,0,76,95,0
2025-04-11,S008,West,P0001,Beverages,2.73,1,0,0,73,78,0
2025-04-11,S001,North,P0456,Snacks,1.63,1,0,0,130,130,0
2025-04-11,S010,South,P0790,Dairy,4.07,0,0,0,40,40,1
2025-04-11,S004,South,P0789,Dairy,4.37,0,0,0,43,54,0
2025-04-11,S003,South,P0912,Personal Care,6.13,0,1,0,40,42,0
2025-04-12,S006,East,P0457,Snacks,2.02,0,0,1,74,74,1
2025-04-13,S009,North,P0790,Dairy,3.87,0,0,1,50,58,0
2025-04-13,S001,North,P0789,Dairy,3.99,0,0,1,39,39,1
2025-04-13,S009,North,P0912,Personal Care,6.36,0,0,1,24,24,1
2025-04-13,S007,West,P0913,Personal Care,6.43,0,0,1,33,42,0
2025-04-13,S003,South,P0001,Beverages,3.37,0,0,1,65,68,0
2025-04-14,S003,South,P0001,Beverages,3.02,1,0,0,85,97,0
2025-04-14,S004,South,P0456,Snacks,2.05,0,0,0,61,61,1
2025-04-14,S004,South,P0912,Personal Care,6.11,0,0,0,18,18,0
2025-04-14,S009,North,P0457,Snacks,2.19,0,0,0,57,57,1
2025-04-14,S010,South,P0456,Snacks,1.91,0,0,0,77,84,0
2025-04-14,S001,North,P0456,Snacks,2.09,0,0,0,74,74,1
2025-04-14,S009,North,P0457,Snacks,1.94,0,0,0,84,84,1
2025-04-14,S009,North,P0789,Dairy,4.06,0,0,0,43,49,0
2025-04-15,S010,South,P0456,Snacks,2.12,0,0,0,68,68,1
2025-04-15,S009,North,P0790,Dairy,3.33,1,0,0,36,36,1
2025-04-16,S004,South,P0789,Dairy,4.61,0,0,0,39,39,1
2025-04-16,S007,West,P0001,Beverages,3.82,0,0,0,41,43,0
2025-04-16,S002,North,P0790,Dairy,3.92,0,0,0,43,46,0
2025-04-16,S006,East,P0002,Beverages,2.89,1,0,0,56,56,1
2025-04-17,S004,South,P0002,Beverages,3.56,0,0,0,41,50,0
2025-04-17,S003,South,P0912,Personal Care,6.65,0,0,0,24,24,1
2025-04-18,S009,North,P0457,Snacks,2.12,0,0,0,83,83,1
2025-04-18,S007,West,P0789,Dairy,4.6,0,0,0,23,23,1
2025-04-18,S006,East,P0456,Snacks,2.17,0,0,0,85,100,0
2025-04-18,S006,East,P0790,Dairy,3.85,0,1,0,52,52,1
2025-04-18,S002,North,P0457,Snacks,1.57,1,1,0,155,178,0
2025-04-19,S010,South,P0001,Beverages,2.94,1,0,1,86,86,0
2025-04-19,S008,West,P0790,Dairy,4.17,0,0,1,43,43,1
2025-04-19,S007,West,P0457,Snacks,1.69,1,0,1,143,143,1
2025-04-20,S010,South,P0456,Snacks,1.68,1,0,1,113,113,1
2025-04-21,S003,South,P0790,Dairy,4.58,0,0,0,40,40,1
2025-04-21,S004,South,P0456,Snacks,1.73,1,0,0,130,134,0
2025-04-21,S005,East,P0001,Beverages,3.73,0,0,0,59,59,1
2025-04-21,S010,South,P0456,Snacks,1.98,0,0,0,88,97,0
2025-04-21,S004,South,P0001,Beverages,3.66,0,0,0,39,43,0
2025-04-21,S009,North,P0457,Snacks,2.0,0,0,0,70,70,1
2025-04-21,S009,North,P0002,Beverages,3.53,0,1,0,97,97,1
2025-04-21,S005,East,P0001,Beverages,3.3,0,0,0,46,46,1
2025-04-22,S002,North,P0912,Personal Care,7.14,0,0,0,21,25,0
2025-04-22,S008,West,P0001,Beverages,3.58,0,0,0,57,64,0
2025-04-22,S001,North,P0456,Snacks,1.59,1,0,0,133,147,0
2025-04-22,S007,West,P0457,Snacks,1.76,1,0,0,99,99,1
2025-04-22,S007,West,P0790,Dairy,4.61,0,0,0,34,37,0
2025-04-23,S007,West,P0913,Personal Care,6.6,0,0,0,19,19,0
2025-04-23,S002,North,P0913,Personal Care,5.36,1,0,0,39,39,1
2025-04-23,S009,North,P0789,Dairy,4.4,0,0,0,32,32,1
2025-04-23,S005,East,P0790,Dairy,4.21,0,0,0,35,35,1
2025-04-23,S009,North,P0789,Dairy,3.63,1,0,0,78,78,1
2025-04-23,S008,West,P0456,Snacks,1.96,0,0,0,65,65,1
2025-04-23,S001,North,P0457,Snacks,1.93,0,0,0,83,88,0
2025-04-23,S006,East,P0456,Snacks,1.87,0,0,0,66,66,1
2025-04-23,S009,North,P0789,Dairy,3.84,0,0,0,47,53,0
2025-04-24,S010,South,P0790,Dairy,3.79,0,0,0,34,34,1
2025-04-24,S008,West,P0001,Beverages,3.34,0,0,0,46,51,0
2025-04-24,S005,East,P0457,Snacks,2.13,0,0,0,72,77,0
2025-04-25,S009,North,P0790,Dairy,3.31,1,0,0,74,81,0
2025-04-25,S010,South,P0457,Snacks,1.93,0,0,0,78,100,0
2025-04-25,S007,West,P0789,Dairy,4.44,0,0,0,45,57,0
2025-04-26,S007,West,P0001,Beverages,3.45,0,0,1,62,62,1
2025-04-26,S003,South,P0002,Beverages,3.6,0,0,1,63,63,0
2025-04-26,S008,West,P0001,Beverages,3.78,0,0,1,74,94,0
2025-04-27,S007,West,P0790,Dairy,3.56,1,0,1,56,56,1
2025-04-27,S004,South,P0456,Snacks,2.14,0,0,1,92,92,1
2025-04-27,S008,West,P0002,Beverages,3.38,0,0,1,65,65,0
2025-04-27,S003,South,P0790,Dairy,4.5,0,0,1,48,55,0
2025-04-27,S008,West,P0456,Snacks,2.14,0,0,1,91,104,0
2025-04-28,S008,West,P0790,Dairy,3.92,0,0,0,36,36,1
2025-04-28,S009,North,P0456,Snacks,1.88,0,0,0,86,91,0
2025-04-28,S003,South,P0913,Personal Care,6.77,0,0,0,25,25,1
2025-04-28,S001,North,P0457,Snacks,1.67,1,0,0,144,183,0
2025-04-28,S002,North,P0457,Snacks,2.05,0,0,0,91,117,0
2025-04-28,S004,South,P0001,Beverages,2.83,1,0,0,64,64,1
2025-04-29,S007,West,P0789,Dairy,3.51,1,1,0,64,64,1
2025-04-29,S005,East,P0790,Dairy,4.17,0,0,0,38,47,0
2025-04-29,S002,North,P0002,Beverages,2.84,1,0,0,74,74,1
2025-04-30,S009,North,P0789,Dairy,3.48,1,0,0,66,80,0
2025-04-30,S002,North,P0001,Beverages,3.35,0,0,0,57,64,0
2025-04-30,S001,North,P0002,Beverages,3.09,1,0,0,55,55,1
2025-04-30,S001,North,P0457,Snacks,2.17,0,0,0,67,77,0
2025-05-01,S008,West,P0913,Personal Care,5.47,1,0,0,45,53,0
2025-05-01,S001,North,P0912,Personal Care,5.89,0,0,0,25,29,0
2025-05-02,S002,North,P0002,Beverages,3.7,0,0,0,60,73,0
2025-05-02,S005,East,P0002,Beverages,2.92,1,0,0,64,64,1
2025-05-02,S008,West,P0456,Snacks,1.9,0,1,0,90,90,1
2025-05-02,S009,North,P0912,Personal Care,6.42,0,0,0,29,34,0
2025-05-02,S002,North,P0912,Personal Care,6.73,0,0,0,25,25,1
2025-05-02,S002,North,P0456,Snacks,1.83,1,0,0,110,110,1
2025-05-02,S005,East,P0789,Dairy,4.19,0,0,0,34,40,0
2025-05-03,S001,North,P0001,Beverages,3.57,0,0,1,65,82,0
2025-05-03,S007,West,P0913,Personal Care,5.31,1,0,1,47,53,0
2025-05-04,S004,South,P0001,Beverages,3.21,0,0,1,44,44,1
2025-05-04,S010,South,P0789,Dairy,4.08,0,0,1,31,31,1
2025-05-05,S009,North,P0789,Dairy,3.87,0,0,0,45,48,0
2025-05-05,S007,West,P0789,Dairy,4.55,0,0,0,49,58,0
2025-05-06,S007,West,P0001,Beverages,3.59,0,0,0,47,49,0
2025-05-06,S004,South,P0789,Dairy,3.36,1,0,0,57,61,0
2025-05-06,S008,West,P0913,Personal Care,6.92,0,0,0,20,23,0
2025-05-06,S002,North,P0912,Personal Care,6.3,0,0,0,28,31,0
2025-05-06,S001,North,P0456,Snacks,1.9,0,0,0,60,60,1
2025-05-06,S008,West,P0001,Beverages,3.15,0,0,0,44,44,1
2025-05-07,S001,North,P0001,Beverages,3.29,0,0,0,55,67,0
2025-05-07,S008,West,P0002,Beverages,2.78,1,0,0,87,87,1
2025-05-07,S001,North,P0789,Dairy,4.4,0,0,0,30,30,1
2025-05-07,S005,East,P0912,Personal Care,6.4,0,0,0,22,22,1
2025-05-08,S005,East,P0456,Snacks,2.03,0,0,0,78,78,1
2025-05-08,S001,North,P0912,Personal Care,6.88,0,0,0,26,26,0
2025-05-08,S008,West,P0789,Dairy,3.8,0,0,0,27,28,0
2025-05-08,S007,West,P0457,Snacks,2.06,0,0,0,72,76,0
2025-05-08,S001,North,P0002,Beverages,3.22,0,1,0,76,81,0
2025-05-08,S001,North,P0457,Snacks,2.05,0,0,0,85,85,0
2025-05-08,S004,South,P0913,Personal Care,6.17,0,1,0,40,41,0
2025-05-09,S004,South,P0457,Snacks,2.09,0,0,0,82,89,0
2025-05-09,S006,East,P0789,Dairy,3.45,1,0,0,67,67,1
2025-05-09,S007,West,P0913,Personal Care,6.98,0,0,0,17,20,0
2025-05-09,S003,South,P0002,Beverages,3.23,0,0,0,41,41,0
2025-05-10,S008,West,P0789,Dairy,4.56,0,0,1,48,48,1
2025-05-10,S010,South,P0457,Snacks,1.71,1,0,1,165,193,0
2025-05-10,S003,South,P0001,Beverages,3.27,0,0,1,62,79,0
2025-05-10,S005,East,P0456,Snacks,2.04,0,0,1,94,100,0
2025-05-10,S009,North,P0002,Beverages,3.51,0,0,1,46,46,1
2025-05-11,S010,South,P0457,Snacks,2.1,0,0,1,84,84,1
2025-05-11,S004,South,P0913,Personal Care,6.79,0,0,1,21,21,1
2025-05-11,S006,East,P0001,Beverages,2.87,1,0,1,80,80,1
2025-05-11,S009,North,P0790,Dairy,4.44,0,0,1,58,70,0
2025-05-11,S010,South,P0456,Snacks,1.95,0,0,1,107,107,1
2025-05-11,S007,West,P0789,Dairy,4.57,0,0,1,43,43,1
2025-05-11,S004,South,P0456,Snacks,2.06,0,0,1,99,121,0
2025-05-12,S005,East,P0002,Beverages,3.76,0,0,0,44,44,1
2025-05-12,S009,North,P0457,Snacks,1.92,0,0,0,56,56,1
2025-05-12,S008,West,P0002,Beverages,3.79,0,0,0,44,44,1
2025-05-13,S003,South,P0002,Beverages,3.13,1,0,0,94,95,0
2025-05-13,S005,East,P0790,Dairy,3.49,1,0,0,53,53,1
2025-05-13,S009,North,P0913,Personal Care,6.1,0,0,0,24,24,1
2025-05-13,S010,South,P0913,Personal Care,6.73,0,0,0,22,25,0
2025-05-13,S001,North,P0457,Snacks,1.82,0,0,0,59,59,1
2025-05-13,S007,West,P0913,Personal Care,6.29,0,0,0,21,21,1
2025-05-14,S010,South,P0789,Dairy,3.57,1,0,0,62,66,0
2025-05-14,S003,South,P0789,Dairy,3.53,1,0,0,48,48,1
2025-05-14,S006,East,P0457,Snacks,1.74,1,0,0,102,102,1
2025-05-14,S010,South,P0457,Snacks,1.82,0,0,0,64,64,1
2025-05-14,S005,East,P0456,Snacks,2.1,0,0,0,70,70,1
2025-05-14,S004,South,P0789,Dairy,4.4,0,0,0,29,29,1
2025-05-15,S010,South,P0001,Beverages,3.43,0,0,0,35,43,0
2025-05-15,S007,West,P0002,Beverages,3.44,0,0,0,54,54,0
2025-05-15,S002,North,P0001,Beverages,3.18,0,0,0,48,59,0
2025-05-16,S010,South,P0913,Personal Care,6.43,0,0,0,34,34,1
2025-05-16,S003,South,P0790,Dairy,4.62,0,0,0,28,28,1
2025-05-16,S004,South,P0912,Personal Care,5.15,1,0,0,36,36,0
2025-05-16,S005,East,P0789,Dairy,3.93,0,0,0,40,51,0
2025-05-17,S007,West,P0001,Beverages,3.81,0,0,1,65,80,0
2025-05-17,S010,South,P0002,Beverages,3.19,0,0,1,45,45,1
2025-05-17,S005,East,P0790,Dairy,3.77,1,1,1,83,88,0
2025-05-17,S006,East,P0456,Snacks,1.8,0,1,1,140,140,1
2025-05-17,S010,South,P0912,Personal Care,6.29,0,0,1,34,43,0
2025-05-18,S007,West,P0457,Snacks,2.18,0,0,1,79,79,1
2025-05-18,S003,South,P0913,Personal Care,6.92,0,0,1,31,35,0
2025-05-19,S006,East,P0789,Dairy,3.85,0,0,0,53,55,0
2025-05-19,S007,West,P0001,Beverages,3.81,0,1,0,61,77,0
2025-05-20,S004,South,P0001,Beverages,3.46,0,1,0,80,103,0
2025-05-20,S005,East,P0790,Dairy,4.12,0,0,0,48,50,0
2025-05-21,S009,North,P0457,Snacks,2.01,0,0,0,61,61,1
2025-05-21,S001,North,P0001,Beverages,3.7,0,0,0,50,52,0
2025-05-21,S003,South,P0789,Dairy,3.37,1,0,0,45,45,1
2025-05-21,S007,West,P0457,Snacks,1.83,0,0,0,86,105,0
2025-05-21,S002,North,P0457,Snacks,2.06,0,0,0,66,66,1
2025-05-22,S009,North,P0456,Snacks,1.73,1,0,0,130,144,0
2025-05-22,S007,West,P0457,Snacks,1.86,0,0,0,54,54,1
2025-05-23,S006,East,P0912,Personal Care,6.31,0,1,0,30,30,1
2025-05-23,S002,North,P0002,Beverages,3.44,0,0,0,49,63,0
2025-05-23,S004,South,P0912,Personal Care,6.64,0,0,0,12,12,1
2025-05-23,S006,East,P0789,Dairy,3.82,1,0,0,49,49,1
2025-05-23,S010,South,P0456,Snacks,1.65,1,0,0,102,102,1
2025-05-24,S007,West,P0913,Personal Care,5.42,1,0,1,47,47,1
2025-05-24,S008,West,P0790,Dairy,4.45,0,0,1,40,40,1
2025-05-24,S008,West,P0457,Snacks,1.78,1,0,1,139,150,0
2025-05-24,S002,North,P0001,Beverages,2.78,1,0,1,83,83,1
2025-05-24,S003,South,P0456,Snacks,2.16,0,0,1,88,88,1
2025-05-24,S008,West,P0002,Beverages,3.55,0,0,1,53,53,1
2025-05-24,S007,West,P0789,Dairy,4.22,0,0,1,35,35,1
2025-05-24,S002,North,P0790,Dairy,4.05,0,0,1,36,36,1
2025-05-25,S001,North,P0789,Dairy,3.87,0,0,1,58,67,0
2025-05-25,S009,North,P0912,Personal Care,6.6,0,0,1,35,35,0
2025-05-25,S007,West,P0002,Beverages,2.93,1,0,1,69,69,1
2025-05-25,S002,North,P0912,Personal Care,5.13,1,0,1,55,55,1
2025-05-25,S005,East,P0912,Personal Care,5.79,1,0,1,50,53,0
2025-05-25,S010,South,P0913,Personal Care,6.02,0,0,1,31,39,0
2025-05-26,S010,South,P0913,Personal Care,6.21,0,0,0,27,35,0
2025-05-26,S003,South,P0913,Personal Care,5.88,0,0,0,28,33,0
2025-05-26,S006,East,P0790,Dairy,3.7,1,1,0,96,98,0
2025-05-26,S007,West,P0001,Beverages,3.18,0,0,0,47,52,0
2025-05-27,S010,South,P0789,Dairy,4.44,0,0,0,50,50,1
2025-05-27,S005,East,P0001,Beverages,3.84,0,0,0,53,60,0
2025-05-27,S010,South,P0790,Dairy,3.46,1,0,0,48,48,1
2025-05-27,S003,South,P0457,Snacks,2.19,0,0,0,80,91,0
2025-05-27,S010,South,P0002,Beverages,3.24,1,0,0,76,83,0
2025-05-27,S006,East,P0789,Dairy,3.8,0,0,0,44,46,0
2025-05-27,S002,North,P0001,Beverages,3.63,0,0,0,56,68,0
2025-05-28,S006,East,P0789,Dairy,4.49,0,0,0,36,36,1
2025-05-28,S009,North,P0001,Beverages,3.17,0,0,0,55,57,0
2025-05-28,S007,West,P0789,Dairy,3.47,1,0,0,53,58,0
2025-05-28,S005,East,P0456,Snacks,1.87,0,0,0,67,70,0
2025-05-28,S006,East,P0789,Dairy,4.48,0,0,0,27,32,0
2025-05-28,S004,South,P0001,Beverages,3.17,0,1,0,95,111,0
2025-05-29,S007,West,P0456,Snacks,1.82,0,0,0,80,100,0
2025-05-29,S008,West,P0457,Snacks,1.78,1,0,0,119,124,0
2025-05-29,S002,North,P0456,Snacks,2.16,0,0,0,67,67,1
2025-05-29,S002,North,P0912,Personal Care,5.89,1,0,0,39,47,0
2025-05-30,S001,North,P0789,Dairy,3.65,1,0,0,57,63,0
2025-05-30,S001,North,P0457,Snacks,1.84,0,0,0,65,65,1
2025-05-30,S001,North,P0789,Dairy,3.67,1,0,0,44,44,1
2025-05-30,S004,South,P0457,Snacks,2.06,0,0,0,81,89,0
2025-05-31,S007,West,P0912,Personal Care,5.47,1,0,1,57,68,0
2025-05-31,S001,North,P0789,Dairy,3.54,1,0,1,63,63,1
2025-05-31,S003,South,P0457,Snacks,1.82,1,0,1,163,163,1
2025-05-31,S007,West,P0457,Snacks,2.17,0,0,1,125,153,0
2025-05-31,S009,North,P0001,Beverages,2.84,1,0,1,111,125,0
2025-05-31,S006,East,P0913,Personal Care,6.24,0,0,1,32,39,0
2025-06-01,S003,South,P0456,Snacks,1.55,1,0,1,124,124,1
2025-06-01,S009,North,P0001,Beverages,3.61,0,0,1,50,50,1
2025-06-01,S009,North,P0002,Beverages,3.22,0,0,1,54,54,1
2025-06-01,S009,North,P0002,Beverages,3.51,0,0,1,39,39,1
2025-06-01,S006,East,P0001,Beverages,3.7,0,0,1,57,57,1
2025-06-01,S010,South,P0457,Snacks,1.94,0,0,1,86,86,1
2025-06-01,S006,East,P0912,Personal Care,5.68,1,0,1,52,52,1
2025-06-01,S001,North,P0002,Beverages,3.32,0,0,1,78,83,0
2025-06-01,S004,South,P0790,Dairy,4.16,0,0,1,49,52,0
2025-06-02,S002,North,P0001,Beverages,3.1,1,0,0,59,59,1
2025-06-02,S003,South,P0912,Personal Care,6.42,0,0,0,25,28,0
2025-06-02,S009,North,P0001,Beverages,3.31,0,0,0,47,47,1
2025-06-02,S005,East,P0002,Beverages,3.44,0,0,0,45,49,0
2025-06-03,S007,West,P0001,Beverages,3.05,1,0,0,79,82,0
2025-06-03,S001,North,P0790,Dairy,4.38,0,0,0,34,34,1
2025-06-03,S007,West,P0790,Dairy,4.06,0,0,0,54,58,0
2025-06-03,S006,East,P0456,Snacks,1.84,0,0,0,83,96,0
2025-06-03,S009,North,P0912,Personal Care,7.06,0,0,0,31,31,1
2025-06-03,S010,South,P0913,Personal Care,6.67,0,0,0,24,24,1
2025-06-03,S005,East,P0456,Snacks,2.11,0,0,0,85,105,0
2025-06-04,S009,North,P0002,Beverages,3.3,0,1,0,83,89,0
2025-06-04,S010,South,P0001,Beverages,3.83,0,1,0,50,50,1
2025-06-05,S006,East,P0912,Personal Care,5.15,1,0,0,33,33,1
2025-06-05,S003,South,P0790,Dairy,4.43,0,0,0,46,58,0
2025-06-06,S006,East,P0912,Personal Care,7.02,0,0,0,33,41,0
2025-06-06,S007,West,P0457,Snacks,2.19,0,0,0,65,65,1
2025-06-06,S001,North,P0912,Personal Care,6.03,1,0,0,17,17,1
2025-06-06,S009,North,P0456,Snacks,2.13,0,0,0,58,58,1
2025-06-06,S002,North,P0001,Beverages,3.49,0,0,0,32,32,1
2025-06-07,S003,South,P0457,Snacks,1.75,1,0,1,139,139,1
2025-06-07,S009,North,P0912,Personal Care,7.06,0,0,1,27,32,0
2025-06-07,S008,West,P0002,Beverages,3.33,0,0,1,60,76,0
2025-06-07,S008,West,P0913,Personal Care,5.77,1,0,1,33,33,1
2025-06-07,S002,North,P0912,Personal Care,6.16,0,0,1,27,27,1
2025-06-08,S007,West,P0457,Snacks,1.67,1,0,1,138,159,0
2025-06-08,S001,North,P0001,Beverages,3.51,0,0,1,77,77,1
2025-06-09,S003,South,P0789,Dairy,4.19,0,0,0,44,44,1
2025-06-09,S001,North,P0913,Personal Care,6.16,0,0,0,27,27,1
2025-06-09,S004,South,P0002,Beverages,3.36,0,0,0,37,37,1
2025-06-09,S007,West,P0913,Personal Care,5.96,0,0,0,19,19,1
2025-06-09,S001,North,P0913,Personal Care,6.84,0,0,0,14,14,1
2025-06-09,S003,South,P0457,Snacks,2.03,0,0,0,51,51,1
2025-06-09,S010,South,P0001,Beverages,3.4,0,0,0,55,68,0
2025-06-10,S010,South,P0913,Personal Care,5.96,0,0,0,29,29,1
2025-06-10,S010,South,P0001,Beverages,3.34,0,0,0,41,41,1
2025-06-10,S003,South,P0456,Snacks,2.11,0,0,0,63,63,1
2025-06-10,S005,East,P0789,Dairy,3.85,0,0,0,38,41,0
2025-06-10,S010,South,P0456,Snacks,1.84,0,0,0,73,73,1
2025-06-10,S002,North,P0790,Dairy,4.57,0,0,0,29,29,1
2025-06-10,S008,West,P0457,Snacks,1.78,1,0,0,90,90,1
2025-06-10,S007,West,P0789,Dairy,3.54,1,0,0,56,61,0
2025-06-11,S002,North,P0001,Beverages,3.41,0,0,0,29,29,1
2025-06-11,S004,South,P0457,Snacks,2.04,0,0,0,72,92,0
2025-06-11,S001,North,P0913,Personal Care,6.03,0,0,0,19,20,0
2025-06-12,S002,North,P0913,Personal Care,6.05,0,0,0,17,17,1
2025-06-12,S008,West,P0457,Snacks,2.01,0,1,0,112,140,0
2025-06-12,S002,North,P0790,Dairy,3.57,1,0,0,48,48,1
2025-06-12,S005,East,P0001,Beverages,2.9,1,0,0,77,90,0
2025-06-13,S008,West,P0457,Snacks,1.82,0,0,0,63,63,0
2025-06-13,S006,East,P0457,Snacks,1.95,0,1,0,142,142,1
2025-06-13,S008,West,P0456,Snacks,1.89,0,0,0,72,72,0
2025-06-13,S003,South,P0002,Beverages,2.69,1,0,0,66,81,0
2025-06-14,S008,West,P0002,Beverages,3.58,0,0,1,57,57,1
2025-06-14,S010,South,P0456,Snacks,1.86,1,0,1,166,213,0
2025-06-14,S008,West,P0457,Snacks,2.17,0,0,1,84,88,0
2025-06-14,S007,West,P0913,Personal Care,6.95,0,0,1,27,28,0
2025-06-14,S001,North,P0456,Snacks,1.86,0,0,1,66,66,1
2025-06-14,S009,North,P0913,Personal Care,6.78,0,0,1,29,32,0
2025-06-15,S002,North,P0790,Dairy,3.8,0,1,1,75,77,0
2025-06-15,S005,East,P0456,Snacks,2.04,0,1,1,127,127,1
2025-06-16,S001,North,P0457,Snacks,1.93,0,0,0,65,73,0
2025-06-16,S001,North,P0457,Snacks,1.6,1,0,0,150,150,1
2025-06-17,S009,North,P0001,Beverages,3.53,0,1,0,75,86,0
2025-06-17,S008,West,P0001,Beverages,3.35,0,0,0,44,47,0
2025-06-17,S007,West,P0457,Snacks,1.97,0,0,0,85,110,0
2025-06-17,S007,West,P0457,Snacks,1.79,1,1,0,166,211,0
2025-06-18,S002,North,P0789,Dairy,3.82,1,0,0,77,82,0
2025-06-19,S002,North,P0457,Snacks,2.0,0,0,0,83,88,0
2025-06-19,S009,North,P0789,Dairy,4.58,0,0,0,20,20,1
2025-06-19,S009,North,P0456,Snacks,2.05,0,0,0,70,70,1
2025-06-19,S002,North,P0790,Dairy,4.41,0,0,0,32,32,1
2025-06-19,S007,West,P0457,Snacks,2.15,0,0,0,75,75,0
2025-06-19,S009,North,P0457,Snacks,2.14,0,1,0,111,111,1
2025-06-19,S009,North,P0912,Personal Care,7.13,0,0,0,20,20,1
2025-06-20,S006,East,P0001,Beverages,3.69,0,0,0,45,50,0
2025-06-20,S010,South,P0913,Personal Care,5.65,1,0,0,43,54,0
2025-06-20,S006,East,P0790,Dairy,4.33,0,0,0,34,44,0
2025-06-21,S006,East,P0913,Personal Care,6.64,0,0,1,14,14,1
2025-06-21,S007,West,P0790,Dairy,3.73,1,0,1,69,88,0
2025-06-21,S001,North,P0456,Snacks,1.82,0,0,1,105,132,0
2025-06-21,S004,South,P0912,Personal Care,6.69,0,0,1,33,33,1
2025-06-21,S006,East,P0457,Snacks,1.99,0,0,1,88,88,1
2025-06-21,S008,West,P0913,Personal Care,6.4,0,0,1,31,31,1
2025-06-22,S007,West,P0001,Beverages,3.77,0,0,1,63,63,0
2025-06-22,S007,West,P0001,Beverages,3.18,0,0,1,69,71,0
2025-06-22,S007,West,P0456,Snacks,1.79,1,0,1,166,166,0
2025-06-22,S002,North,P0912,Personal Care,5.22,1,0,1,33,33,1
2025-06-22,S005,East,P0001,Beverages,3.21,0,0,1,52,52,1
2025-06-22,S008,West,P0790,Dairy,3.39,1,1,1,98,98,1
2025-06-22,S003,South,P0457,Snacks,2.19,0,0,1,72,72,1
2025-06-22,S001,North,P0456,Snacks,2.1,0,0,1,85,85,1
2025-06-23,S003,South,P0002,Beverages,3.54,0,1,0,87,92,0
2025-06-23,S002,North,P0912,Personal Care,5.87,1,0,0,28,28,1
2025-06-24,S010,South,P0912,Personal Care,6.07,0,0,0,27,27,1
2025-06-24,S008,West,P0913,Personal Care,7.04,0,0,0,30,30,1
2025-06-25,S001,North,P0456,Snacks,1.9,0,0,0,76,84,0
2025-06-25,S003,South,P0912,Personal Care,7.03,0,0,0,33,34,0
2025-06-25,S007,West,P0457,Snacks,1.99,0,0,0,73,90,0
2025-06-26,S007,West,P0912,Personal Care,5.92,0,0,0,28,30,0
2025-06-26,S009,North,P0789,Dairy,3.43,1,0,0,64,74,0
2025-06-26,S001,North,P0457,Snacks,1.83,0,0,0,73,73,1
2025-06-26,S004,South,P0457,Snacks,2.18,0,0,0,63,67,0
2025-06-26,S009,North,P0002,Beverages,3.71,0,0,0,43,43,1
2025-06-26,S004,South,P0457,Snacks,2.14,0,0,0,63,63,1
2025-06-27,S002,North,P0456,Snacks,1.85,0,0,0,71,71,1
2025-06-27,S002,North,P0789,Dairy,4.42,0,0,0,29,29,1
2025-06-27,S001,North,P0913,Personal Care,5.04,1,0,0,32,34,0
2025-06-27,S008,West,P0790,Dairy,4.33,0,0,0,30,30,1
2025-06-28,S005,East,P0001,Beverages,3.4,0,1,1,91,106,0
2025-06-28,S010,South,P0790,Dairy,4.38,0,0,1,45,45,1
2025-06-28,S001,North,P0790,Dairy,3.37,1,1,1,93,109,0
2025-06-28,S004,South,P0789,Dairy,3.45,1,0,1,63,63,1
2025-06-28,S010,South,P0456,Snacks,1.77,1,1,1,181,190,0
2025-06-29,S003,South,P0789,Dairy,3.81,0,0,1,38,38,1
2025-06-29,S001,North,P0002,Beverages,3.31,0,0,1,63,63,1
2025-06-29,S004,South,P0789,Dairy,3.38,1,0,1,71,71,1
2025-06-29,S003,South,P0001,Beverages,3.77,0,0,1,63,81,0
2025-06-29,S005,East,P0001,Beverages,3.56,0,0,1,56,69,0
2025-06-29,S009,North,P0457,Snacks,2.04,0,0,1,105,106,0
2025-06-30,S005,East,P0912,Personal Care,6.51,0,0,0,30,31,0
2025-06-30,S003,South,P0913,Personal Care,5.32,1,0,0,40,40,1
2025-06-30,S005,East,P0001,Beverages,3.43,0,0,0,55,55,1
2025-07-01,S010,South,P0790,Dairy,3.71,1,0,0,58,75,0
2025-07-01,S001,North,P0001,Beverages,3.59,0,0,0,47,55,0
2025-07-01,S001,North,P0912,Personal Care,6.58,0,0,0,14,14,1
2025-07-01,S004,South,P0913,Personal Care,5.24,1,0,0,44,44,0
2025-07-02,S010,South,P0790,Dairy,3.26,1,0,0,64,81,0
2025-07-02,S008,West,P0913,Personal Care,6.27,0,0,0,32,32,1
2025-07-02,S006,East,P0456,Snacks,2.03,0,0,0,82,94,0
2025-07-03,S009,North,P0790,Dairy,4.16,0,0,0,35,35,1
2025-07-03,S007,West,P0001,Beverages,3.23,0,0,0,50,64,0
2025-07-03,S007,West,P0002,Beverages,3.72,0,0,0,44,49,0
2025-07-03,S009,North,P0002,Beverages,2.83,1,0,0,70,70,1
2025-07-04,S002,North,P0913,Personal Care,6.08,0,0,0,17,17,1
2025-07-05,S001,North,P0001,Beverages,3.75,0,0,1,52,52,1
2025-07-05,S009,North,P0456,Snacks,2.1,0,0,1,79,79,1
2025-07-05,S010,South,P0913,Personal Care,6.73,0,0,1,40,46,0
2025-07-06,S006,East,P0001,Beverages,3.41,0,0,1,56,56,1
2025-07-06,S004,South,P0456,Snacks,2.1,0,0,1,82,82,1
2025-07-06,S005,East,P0457,Snacks,1.82,0,0,1,101,113,0
2025-07-06,S010,South,P0790,Dairy,3.91,0,0,1,26,26,1
2025-07-06,S005,East,P0002,Beverages,3.72,0,0,1,54,54,1
2025-07-06,S001,North,P0001,Beverages,3.1,1,0,1,65,65,1
2025-07-07,S004,South,P0913,Personal Care,6.23,0,0,0,20,20,1
2025-07-07,S002,North,P0912,Personal Care,7.02,0,0,0,23,23,1
2025-07-07,S010,South,P0790,Dairy,4.49,0,0,0,33,33,1
2025-07-07,S004,South,P0790,Dairy,4.21,0,0,0,39,39,1
2025-07-07,S009,North,P0912,Personal Care,5.87,1,0,0,37,43,0
2025-07-08,S001,North,P0790,Dairy,3.85,1,0,0,62,69,0
2025-07-08,S007,West,P0912,Personal Care,6.36,0,0,0,21,21,1
2025-07-08,S003,South,P0912,Personal Care,5.2,1,1,0,40,40,1
2025-07-09,S002,North,P0912,Personal Care,6.16,0,0,0,16,18,0
2025-07-09,S006,East,P0457,Snacks,2.12,0,0,0,60,60,1
2025-07-09,S004,South,P0001,Beverages,3.16,1,1,0,94,94,1
2025-07-09,S002,North,P0790,Dairy,4.34,0,0,0,46,50,0
2025-07-09,S002,North,P0790,Dairy,4.44,0,0,0,44,44,1
2025-07-09,S005,East,P0789,Dairy,4.01,0,0,0,37,37,1
2025-07-09,S001,North,P0002,Beverages,3.51,0,0,0,42,42,1
2025-07-10,S007,West,P0912,Personal Care,6.05,0,1,0,29,29,1
2025-07-10,S004,South,P0790,Dairy,3.93,0,0,0,41,42,0
2025-07-10,S001,North,P0912,Personal Care,6.41,0,0,0,17,17,1
2025-07-11,S008,West,P0456,Snacks,1.83,0,0,0,66,73,0
2025-07-11,S001,North,P0912,Personal Care,6.94,0,0,0,13,16,0
2025-07-11,S008,West,P0457,Snacks,2.05,0,0,0,52,52,1
2025-07-11,S010,South,P0002,Beverages,3.65,0,0,0,50,50,1
2025-07-11,S004,South,P0789,Dairy,3.84,0,0,0,44,54,0
2025-07-11,S008,West,P0457,Snacks,1.83,0,0,0,85,85,1
2025-07-11,S002,North,P0456,Snacks,2.02,0,0,0,56,56,1
2025-07-12,S009,North,P0789,Dairy,3.89,0,0,1,67,78,0
2025-07-13,S004,South,P0002,Beverages,3.68,0,0,1,58,62,0
2025-07-13,S004,South,P0456,Snacks,2.16,0,0,1,97,98,0
2025-07-13,S006,East,P0457,Snacks,1.83,0,0,1,112,112,1
2025-07-13,S005,East,P0913,Personal Care,6.21,0,0,1,37,37,1
2025-07-14,S005,East,P0456,Snacks,1.85,1,0,0,124,124,1
2025-07-14,S001,North,P0457,Snacks,2.11,0,0,0,82,82,0
2025-07-14,S010,South,P0913,Personal Care,6.51,0,0,0,20,20,0
2025-07-14,S009,North,P0789,Dairy,4.58,0,0,0,37,37,0
2025-07-15,S001,North,P0001,Beverages,3.46,0,0,0,56,70,0
2025-07-15,S002,North,P0001,Beverages,3.19,1,0,0,67,67,1
2025-07-15,S001,North,P0457,Snacks,2.19,0,1,0,118,151,0
2025-07-16,S008,West,P0789,Dairy,3.89,1,0,0,59,59,1
2025-07-16,S010,South,P0001,Beverages,3.25,0,0,0,54,62,0
2025-07-16,S002,North,P0913,Personal Care,5.64,1,0,0,32,32,1
2025-07-17,S007,West,P0912,Personal Care,5.33,1,0,0,39,49,0
2025-07-17,S010,South,P0456,Snacks,1.55,1,0,0,116,116,1
2025-07-17,S006,East,P0001,Beverages,3.15,1,0,0,59,59,1
2025-07-17,S010,South,P0789,Dairy,3.31,1,0,0,39,42,0
2025-07-17,S005,East,P0457,Snacks,2.06,0,0,0,60,73,0
2025-07-17,S005,East,P0912,Personal Care,7.06,0,0,0,32,32,1
2025-07-17,S008,West,P0913,Personal Care,5.69,1,0,0,42,45,0
2025-07-18,S002,North,P0002,Beverages,3.36,0,0,0,34,34,1
2025-07-18,S002,North,P0456,Snacks,1.96,0,0,0,69,80,0
2025-07-19,S007,West,P0457,Snacks,1.82,0,0,1,109,138,0
2025-07-19,S006,East,P0457,Snacks,2.08,0,0,1,70,70,1
2025-07-20,S010,South,P0912,Personal Care,6.13,0,0,1,27,27,1
2025-07-20,S007,West,P0457,Snacks,2.01,0,0,1,125,139,0
2025-07-20,S001,North,P0789,Dairy,3.65,1,0,1,81,83,0
2025-07-20,S001,North,P0456,Snacks,1.87,0,0,1,126,154,0
2025-07-20,S008,West,P0457,Snacks,2.14,0,0,1,102,102,1
2025-07-20,S002,North,P0002,Beverages,3.03,1,0,1,82,83,0
2025-07-21,S004,South,P0789,Dairy,3.52,1,0,0,58,58,1
2025-07-21,S001,North,P0790,Dairy,4.14,0,0,0,43,51,0
2025-07-21,S005,East,P0456,Snacks,1.54,1,0,0,134,144,0
2025-07-21,S007,West,P0790,Dairy,3.96,0,0,0,31,31,1
2025-07-21,S007,West,P0789,Dairy,4.19,0,0,0,33,33,1
2025-07-21,S010,South,P0913,Personal Care,6.36,0,0,0,22,22,1
2025-07-22,S001,North,P0457,Snacks,2.07,0,0,0,60,60,1
2025-07-22,S001,North,P0456,Snacks,1.8,0,0,0,88,101,0
2025-07-22,S001,North,P0790,Dairy,4.42,0,0,0,26,26,1
2025-07-23,S010,South,P0001,Beverages,3.5,0,0,0,39,50,0
2025-07-24,S004,South,P0789,Dairy,4.49,0,0,0,42,52,0
2025-07-24,S001,North,P0789,Dairy,4.48,0,0,0,39,39,1
2025-07-25,S009,North,P0913,Personal Care,6.72,0,0,0,18,18,1
2025-07-25,S003,South,P0912,Personal Care,5.94,1,0,0,38,38,1
2025-07-26,S002,North,P0913,Personal Care,5.92,1,0,1,41,42,0
2025-07-26,S002,North,P0789,Dairy,3.61,1,0,1,85,85,1
2025-07-26,S010,South,P0001,Beverages,3.85,0,0,1,59,59,1
2025-07-27,S001,North,P0002,Beverages,3.65,0,0,1,80,90,0
2025-07-27,S002,North,P0913,Personal Care,6.2,0,0,1,23,23,1
2025-07-27,S001,North,P0913,Personal Care,5.18,1,0,1,43,50,0
2025-07-28,S004,South,P0002,Beverages,3.47,0,0,0,52,54,0
2025-07-28,S008,West,P0457,Snacks,1.9,0,0,0,71,71,1
2025-07-29,S010,South,P0913,Personal Care,6.0,0,0,0,28,34,0
2025-07-29,S008,West,P0913,Personal Care,5.9,0,0,0,18,18,1
2025-07-29,S010,South,P0913,Personal Care,5.62,1,1,0,53,53,1
2025-07-30,S009,North,P0001,Beverages,3.62,0,0,0,48,48,0
2025-07-31,S001,North,P0457,Snacks,2.09,0,0,0,93,120,0
2025-07-31,S008,West,P0456,Snacks,1.92,0,0,0,62,62,1
2025-07-31,S002,North,P0789,Dairy,3.65,1,0,0,53,53,1
2025-08-01,S009,North,P0913,Personal Care,5.47,1,0,0,36,46,0
2025-08-01,S009,North,P0789,Dairy,3.91,0,0,0,44,47,0
2025-08-01,S009,North,P0001,Beverages,3.02,1,0,0,70,70,1
2025-08-02,S007,West,P0456,Snacks,1.93,0,1,1,113,113,1
2025-08-02,S001,North,P0912,Personal Care,6.74,0,0,1,38,46,0
2025-08-02,S008,West,P0456,Snacks,1.56,1,0,1,160,193,0
2025-08-02,S007,West,P0913,Personal Care,6.26,0,0,1,35,39,0
2025-08-03,S010,South,P0913,Personal Care,6.08,0,0,1,37,37,1
2025-08-03,S001,North,P0912,Personal Care,5.61,1,0,1,48,48,1
2025-08-03,S002,North,P0456,Snacks,2.09,0,0,1,83,83,1
2025-08-03,S003,South,P0457,Snacks,1.68,1,0,1,108,108,1
2025-08-03,S007,West,P0790,Dairy,4.07,0,0,1,41,41,1
2025-08-03,S010,South,P0913,Personal Care,5.74,1,0,1,28,28,1
2025-08-03,S003,South,P0001,Beverages,3.78,0,1,1,74,74,1
2025-08-03,S007,West,P0456,Snacks,1.86,0,0,1,87,108,0
2025-08-03,S003,South,P0457,Snacks,1.76,1,0,1,136,175,0
2025-08-03,S002,North,P0001,Beverages,2.69,1,0,1,108,108,1
2025-08-04,S004,South,P0001,Beverages,3.55,0,0,0,36,36,1
2025-08-04,S008,West,P0789,Dairy,4.33,0,0,0,38,38,1
2025-08-04,S009,North,P0789,Dairy,4.38,0,0,0,31,31,1
2025-08-04,S007,West,P0002,Beverages,3.78,0,0,0,35,35,1
2025-08-05,S009,North,P0457,Snacks,2.0,0,1,0,82,82,1
2025-08-05,S001,North,P0456,Snacks,1.67,1,0,0,93,93,1
2025-08-05,S006,East,P0790,Dairy,3.4,1,0,0,43,55,0
2025-08-05,S005,East,P0789,Dairy,3.58,1,0,0,69,69,1
2025-08-05,S003,South,P0457,Snacks,1.95,0,0,0,82,89,0
2025-08-05,S002,North,P0001,Beverages,3.54,0,0,0,40,40,1
2025-08-05,S004,South,P0002,Beverages,2.99,1,0,0,84,104,0
2025-08-06,S001,North,P0790,Dairy,4.15,0,0,0,28,33,0
2025-08-06,S003,South,P0790,Dairy,3.22,1,0,0,59,69,0
2025-08-06,S008,West,P0456,Snacks,1.96,0,0,0,58,58,1
2025-08-06,S010,South,P0912,Personal Care,5.67,1,0,0,31,31,1
2025-08-06,S007,West,P0002,Beverages,3.24,1,0,0,93,95,0
2025-08-06,S002,North,P0913,Personal Care,5.91,0,0,0,14,14,0
2025-08-07,S003,South,P0912,Personal Care,6.35,0,0,0,35,36,0
2025-08-08,S001,North,P0001,Beverages,3.1,1,0,0,79,101,0
2025-08-08,S005,East,P0457,Snacks,2.11,0,0,0,63,63,1
2025-08-08,S008,West,P0913,Personal Care,6.49,0,0,0,32,32,0
2025-08-08,S001,North,P0912,Personal Care,5.72,1,1,0,40,40,1
2025-08-08,S001,North,P0912,Personal Care,5.06,1,0,0,53,64,0
2025-08-08,S005,East,P0912,Personal Care,5.78,1,0,0,26,26,1
2025-08-08,S001,North,P0912,Personal Care,7.15,0,0,0,32,33,0
2025-08-09,S006,East,P0001,Beverages,3.21,1,0,1,94,94,1
2025-08-10,S003,South,P0912,Personal Care,6.87,0,0,1,28,29,0
2025-08-10,S008,West,P0457,Snacks,1.85,0,0,1,89,89,1
2025-08-10,S003,South,P0789,Dairy,4.21,0,0,1,58,65,0
2025-08-10,S005,East,P0789,Dairy,4.04,0,0,1,52,62,0
2025-08-10,S006,East,P0913,Personal Care,6.15,0,0,1,21,21,1
2025-08-11,S002,North,P0456,Snacks,2.16,0,0,0,67,74,0
2025-08-11,S001,North,P0002,Beverages,3.19,0,0,0,57,62,0
2025-08-11,S002,North,P0001,Beverages,3.43,0,0,0,44,44,1
2025-08-11,S006,East,P0912,Personal Care,6.12,0,0,0,21,22,0
2025-08-11,S009,North,P0457,Snacks,1.53,1,0,0,101,101,1
2025-08-11,S002,North,P0456,Snacks,1.8,1,0,0,111,134,0
2025-08-11,S010,South,P0456,Snacks,1.91,0,0,0,79,88,0
2025-08-12,S003,South,P0001,Beverages,2.75,1,0,0,79,79,1
2025-08-12,S006,East,P0913,Personal Care,6.57,0,0,0,27,34,0
2025-08-12,S005,East,P0789,Dairy,3.38,1,0,0,60,60,1
2025-08-12,S002,North,P0001,Beverages,3.73,0,0,0,44,46,0
2025-08-12,S010,South,P0789,Dairy,4.43,0,0,0,37,37,1
2025-08-12,S006,East,P0002,Beverages,2.9,1,0,0,56,56,1
2025-08-13,S008,West,P0789,Dairy,4.41,0,0,0,31,36,0
2025-08-13,S009,North,P0913,Personal Care,7.1,0,0,0,24,25,0
2025-08-13,S002,North,P0790,Dairy,3.8,0,0,0,40,45,0
2025-08-13,S009,North,P0457,Snacks,2.12,0,0,0,65,65,1
2025-08-13,S009,North,P0789,Dairy,4.26,0,1,0,61,71,0
2025-08-14,S006,East,P0789,Dairy,4.36,0,0,0,36,36,1
2025-08-14,S003,South,P0002,Beverages,3.17,0,0,0,41,41,1
2025-08-14,S009,North,P0456,Snacks,1.84,0,0,0,66,66,1
2025-08-14,S005,East,P0456,Snacks,1.99,0,0,0,56,56,1
2025-08-15,S003,South,P0790,Dairy,3.8,1,0,0,63,63,1
2025-08-15,S009,North,P0790,Dairy,3.31,1,0,0,49,49,1
2025-08-15,S010,South,P0913,Personal Care,6.12,0,0,0,15,15,1
2025-08-15,S006,East,P0001,Beverages,2.81,1,0,0,76,79,0
2025-08-15,S008,West,P0913,Personal Care,5.42,1,0,0,52,57,0
2025-08-15,S001,North,P0913,Personal Care,6.99,0,0,0,22,22,1
2025-08-15,S003,South,P0002,Beverages,3.8,0,0,0,48,48,1
2025-08-15,S001,North,P0002,Beverages,3.24,0,0,0,42,42,1
2025-08-16,S005,East,P0912,Personal Care,5.98,0,0,1,33,38,0
2025-08-16,S004,South,P0790,Dairy,4.35,0,0,1,39,39,1
2025-08-16,S005,East,P0456,Snacks,2.17,0,0,1,144,154,0
2025-08-17,S001,North,P0913,Personal Care,7.13,0,0,1,25,25,1
2025-08-17,S010,South,P0457,Snacks,1.81,0,1,1,150,160,0
2025-08-17,S007,West,P0457,Snacks,1.56,1,0,1,155,177,0
2025-08-17,S003,South,P0913,Personal Care,5.88,0,0,1,30,36,0
2025-08-17,S007,West,P0790,Dairy,4.15,0,0,1,45,45,1
2025-08-17,S010,South,P0456,Snacks,1.88,0,0,1,80,80,1
2025-08-17,S001,North,P0457,Snacks,2.1,0,0,1,114,147,0
2025-08-17,S010,South,P0789,Dairy,4.56,0,0,1,39,39,1
2025-08-18,S004,South,P0912,Personal Care,6.56,0,0,0,28,30,0
2025-08-18,S008,West,P0457,Snacks,1.84,0,0,0,54,54,1
2025-08-19,S010,South,P0002,Beverages,3.27,0,0,0,46,48,0
2025-08-19,S007,West,P0002,Beverages,3.72,0,0,0,38,38,1
2025-08-19,S009,North,P0002,Beverages,2.86,1,0,0,54,54,1
2025-08-19,S009,North,P0001,Beverages,2.81,1,0,0,79,91,0
2025-08-19,S006,East,P0001,Beverages,3.23,0,0,0,39,39,1
2025-08-19,S002,North,P0456,Snacks,1.91,0,0,0,72,72,1
2025-08-20,S008,West,P0456,Snacks,2.02,0,0,0,74,74,1
2025-08-21,S003,South,P0790,Dairy,3.9,1,0,0,69,77,0
2025-08-21,S006,East,P0913,Personal Care,7.09,0,0,0,25,26,0
2025-08-21,S010,South,P0790,Dairy,3.21,1,0,0,52,52,1
2025-08-21,S001,North,P0457,Snacks,1.98,0,0,0,68,79,0
2025-08-21,S009,North,P0456,Snacks,2.05,0,0,0,94,109,0
2025-08-21,S008,West,P0456,Snacks,1.83,1,0,0,100,100,1
2025-08-21,S003,South,P0457,Snacks,1.97,0,1,0,112,122,0
2025-08-21,S009,North,P0002,Beverages,3.55,0,0,0,59,69,0
2025-08-22,S007,West,P0912,Personal Care,6.42,0,0,0,35,37,0
2025-08-22,S003,South,P0913,Personal Care,7.1,0,0,0,33,39,0
2025-08-23,S005,East,P0790,Dairy,4.29,0,0,1,51,51,1
2025-08-23,S004,South,P0789,Dairy,4.35,0,0,1,41,41,1
2025-08-23,S006,East,P0789,Dairy,4.56,0,0,1,43,43,1
2025-08-24,S005,East,P0001,Beverages,3.16,1,0,1,82,103,0
2025-08-24,S001,North,P0457,Snacks,1.86,0,0,1,106,133,0
2025-08-24,S006,East,P0789,Dairy,3.88,0,0,1,49,61,0
2025-08-24,S003,South,P0002,Beverages,3.18,0,0,1,54,54,1
2025-08-25,S003,South,P0457,Snacks,1.7,1,0,0,106,106,1
2025-08-25,S010,South,P0913,Personal Care,6.36,0,0,0,16,16,1
2025-08-25,S005,East,P0001,Beverages,2.85,1,0,0,65,65,1
2025-08-25,S008,West,P0456,Snacks,2.13,0,0,0,76,76,1
2025-08-25,S010,South,P0457,Snacks,1.92,0,0,0,69,69,1
2025-08-25,S009,North,P0789,Dairy,4.03,0,0,0,25,25,1
2025-08-26,S009,North,P0457,Snacks,1.91,0,0,0,54,54,1
2025-08-26,S005,East,P0002,Beverages,3.3,0,0,0,32,32,1
2025-08-26,S001,North,P0001,Beverages,3.68,0,0,0,50,60,0
2025-08-27,S003,South,P0790,Dairy,4.4,0,0,0,37,37,1
2025-08-27,S006,East,P0001,Beverages,3.65,0,0,0,57,57,1
2025-08-27,S006,East,P0912,Personal Care,6.05,0,0,0,21,21,1
2025-08-27,S002,North,P0002,Beverages,3.84,0,0,0,56,60,0
2025-08-27,S001,North,P0457,Snacks,2.14,0,0,0,64,64,1
2025-08-27,S003,South,P0790,Dairy,3.24,1,0,0,62,73,0
2025-08-27,S003,South,P0456,Snacks,2.04,0,0,0,77,77,1
2025-08-28,S009,North,P0001,Beverages,3.8,0,0,0,52,56,0
2025-08-28,S003,South,P0002,Beverages,3.41,0,0,0,40,40,1
2025-08-28,S010,South,P0789,Dairy,3.79,0,0,0,44,44,1
2025-08-29,S007,West,P0912,Personal Care,5.22,1,1,0,38,38,1
2025-08-30,S007,West,P0913,Personal Care,6.04,0,0,1,31,40,0
2025-08-30,S001,North,P0790,Dairy,4.32,0,0,1,48,48,0
2025-08-30,S010,South,P0913,Personal Care,5.3,1,0,1,41,41,1
2025-08-30,S006,East,P0913,Personal Care,6.82,0,0,1,41,45,0
2025-08-31,S008,West,P0789,Dairy,4.34,0,0,1,50,60,0
2025-08-31,S001,North,P0457,Snacks,2.0,0,0,1,81,81,1
2025-08-31,S001,North,P0790,Dairy,4.12,0,0,1,39,39,1
2025-09-01,S008,West,P0002,Beverages,3.42,0,0,0,38,40,0
2025-09-01,S003,South,P0912,Personal Care,5.78,1,0,0,45,56,0
2025-09-01,S003,South,P0002,Beverages,3.14,1,0,0,74,74,1
2025-09-03,S006,East,P0913,Personal Care,6.81,0,0,0,15,15,1
2025-09-03,S004,South,P0002,Beverages,2.69,1,0,0,73,90,0
2025-09-03,S007,West,P0456,Snacks,2.18,0,0,0,65,65,1
2025-09-03,S010,South,P0790,Dairy,4.33,0,0,0,40,40,1
2025-09-04,S003,South,P0912,Personal Care,7.01,0,0,0,15,16,0
2025-09-04,S004,South,P0457,Snacks,1.7,1,0,0,113,130,0
2025-09-04,S008,West,P0790,Dairy,4.36,0,0,0,47,54,0
2025-09-04,S008,West,P0002,Beverages,2.92,1,0,0,90,98,0
2025-09-04,S004,South,P0789,Dairy,4.17,0,0,0,30,30,1
2025-09-04,S008,West,P0913,Personal Care,5.43,1,0,0,38,45,0
2025-09-04,S005,East,P0913,Personal Care,5.86,0,0,0,25,25,1
2025-09-04,S005,East,P0913,Personal Care,5.61,1,0,0,48,58,0
2025-09-06,S004,South,P0002,Beverages,3.84,0,0,1,69,70,0
2025-09-06,S007,West,P0001,Beverages,3.24,0,0,1,58,60,0
2025-09-06,S009,North,P0790,Dairy,4.5,0,0,1,54,60,0
2025-09-06,S008,West,P0456,Snacks,2.05,0,0,1,84,84,1
2025-09-06,S007,West,P0456,Snacks,1.8,1,0,1,172,204,0
2025-09-07,S010,South,P0001,Beverages,3.72,0,1,1,95,106,0
2025-09-07,S004,South,P0913,Personal Care,6.08,0,0,1,39,41,0
2025-09-07,S009,North,P0913,Personal Care,6.02,1,0,1,45,52,0
2025-09-07,S004,South,P0002,Beverages,3.6,0,0,1,68,87,0
2025-09-07,S002,North,P0912,Personal Care,6.13,0,0,1,23,23,0
2025-09-08,S001,North,P0789,Dairy,3.81,0,0,0,33,33,1
2025-09-08,S001,North,P0002,Beverages,2.75,1,0,0,72,79,0
2025-09-08,S002,North,P0790,Dairy,3.71,1,0,0,61,77,0
2025-09-08,S009,North,P0456,Snacks,1.91,0,0,0,72,93,0
2025-09-09,S010,South,P0457,Snacks,1.87,0,0,0,87,106,0
2025-09-09,S002,North,P0002,Beverages,2.88,1,0,0,88,95,0
2025-09-09,S010,South,P0789,Dairy,4.28,0,0,0,33,33,1
2025-09-09,S001,North,P0457,Snacks,1.83,0,0,0,69,69,1
2025-09-09,S006,East,P0789,Dairy,4.41,0,0,0,43,44,0
2025-09-09,S003,South,P0457,Snacks,1.98,0,0,0,84,86,0
2025-09-09,S005,East,P0789,Dairy,4.25,0,0,0,21,21,1
2025-09-10,S001,North,P0001,Beverages,3.52,0,0,0,37,37,1
2025-09-10,S001,North,P0790,Dairy,4.33,0,0,0,50,58,0
2025-09-10,S006,East,P0001,Beverages,3.63,0,0,0,57,58,0
2025-09-10,S003,South,P0002,Beverages,3.72,0,0,0,34,34,1
2025-09-10,S004,South,P0002,Beverages,3.17,0,0,0,50,52,0
2025-09-10,S006,East,P0789,Dairy,3.9,0,0,0,37,37,1
2025-09-11,S009,North,P0456,Snacks,1.97,0,0,0,75,90,0
2025-09-11,S008,West,P0912,Personal Care,7.07,0,0,0,28,29,0
2025-09-11,S005,East,P0913,Personal Care,6.51,0,0,0,24,24,0
2025-09-11,S009,North,P0912,Personal Care,6.4,0,0,0,25,28,0
2025-09-11,S007,West,P0912,Personal Care,5.35,1,0,0,39,44,0
2025-09-12,S010,South,P0789,Dairy,4.6,0,0,0,32,32,1
2025-09-12,S002,North,P0789,Dairy,4.21,0,0,0,36,36,1
2025-09-12,S007,West,P0790,Dairy,4.45,0,0,0,28,28,1
2025-09-12,S002,North,P0913,Personal Care,6.14,0,0,0,24,24,1
2025-09-13,S001,North,P0456,Snacks,2.19,0,0,1,124,152,0
2025-09-13,S001,North,P0912,Personal Care,7.1,0,0,1,31,34,0
2025-09-13,S004,South,P0001,Beverages,3.51,0,0,1,59,60,0
2025-09-14,S010,South,P0912,Personal Care,6.65,0,0,1,31,39,0
2025-09-14,S002,North,P0789,Dairy,4.08,0,0,1,50,51,0
2025-09-14,S001,North,P0002,Beverages,2.98,1,0,1,84,105,0
2025-09-14,S005,East,P0001,Beverages,3.79,0,0,1,62,62,1
2025-09-14,S003,South,P0789,Dairy,4.07,0,0,1,41,41,1
2025-09-14,S008,West,P0457,Snacks,2.04,0,0,1,105,132,0
2025-09-15,S003,South,P0001,Beverages,2.79,1,0,0,85,110,0
2025-09-15,S005,East,P0001,Beverages,3.78,0,0,0,39,49,0
2025-09-16,S003,South,P0790,Dairy,4.15,0,0,0,42,52,0
2025-09-16,S005,East,P0790,Dairy,4.45,0,0,0,41,51,0
2025-09-16,S003,South,P0456,Snacks,2.01,0,1,0,107,107,1
2025-09-16,S010,South,P0456,Snacks,2.13,0,0,0,79,79,0
2025-09-16,S009,North,P0001,Beverages,3.23,1,0,0,72,72,1
2025-09-16,S006,East,P0457,Snacks,2.08,0,0,0,76,85,0
2025-09-17,S006,East,P0457,Snacks,2.0,0,0,0,69,69,1
2025-09-17,S008,West,P0457,Snacks,1.63,1,0,0,116,116,1
2025-09-18,S003,South,P0456,Snacks,1.68,1,0,0,128,138,0
2025-09-18,S001,North,P0913,Personal Care,7.09,0,0,0,22,24,0
2025-09-18,S007,West,P0912,Personal Care,5.87,1,0,0,49,58,0
2025-09-18,S009,North,P0913,Personal Care,6.64,0,0,0,24,24,1
2025-09-19,S002,North,P0001,Beverages,3.78,0,0,0,59,74,0
2025-09-19,S004,South,P0001,Beverages,3.74,0,0,0,39,39,1
2025-09-20,S010,South,P0002,Beverages,2.89,1,0,1,88,98,0
2025-09-20,S009,North,P0002,Beverages,3.15,1,0,1,91,103,0
2025-09-21,S002,North,P0456,Snacks,1.97,0,0,1,101,101,1
2025-09-21,S008,West,P0912,Personal Care,6.42,0,0,1,29,29,1
2025-09-21,S005,East,P0790,Dairy,4.35,0,0,1,53,61,0
2025-09-21,S010,South,P0913,Personal Care,6.97,0,0,1,26,26,1
2025-09-21,S010,South,P0913,Personal Care,5.06,1,0,1,40,44,0
2025-09-21,S007,West,P0456,Snacks,1.82,0,0,1,85,100,0
2025-09-21,S005,East,P0913,Personal Care,6.67,0,0,1,40,46,0
2025-09-21,S010,South,P0457,Snacks,2.15,0,0,1,86,86,1
2025-09-21,S007,West,P0912,Personal Care,6.99,0,0,1,41,41,1
2025-09-22,S007,West,P0789,Dairy,3.98,0,0,0,31,31,1
2025-09-22,S006,East,P0001,Beverages,3.43,0,0,0,46,48,0
2025-09-22,S009,North,P0790,Dairy,3.87,0,0,0,39,41,0
2025-09-23,S006,East,P0790,Dairy,4.24,0,0,0,41,52,0
2025-09-23,S005,East,P0457,Snacks,1.97,0,0,0,62,62,1
2025-09-24,S001,North,P0913,Personal Care,6.15,0,0,0,16,16,1
2025-09-24,S007,West,P0790,Dairy,3.91,1,0,0,61,61,1
2025-09-24,S004,South,P0913,Personal Care,5.18,1,0,0,44,44,1
2025-09-24,S005,East,P0456,Snacks,2.07,0,0,0,80,101,0
2025-09-24,S003,South,P0789,Dairy,4.08,0,0,0,39,47,0
2025-09-25,S007,West,P0457,Snacks,2.19,0,0,0,70,70,1
2025-09-25,S003,South,P0913,Personal Care,5.81,1,0,0,21,21,1
2025-09-25,S004,South,P0913,Personal Care,6.23,0,0,0,28,33,0
2025-09-25,S005,East,P0001,Beverages,3.82,0,0,0,43,49,0
2025-09-25,S001,North,P0789,Dairy,3.23,1,0,0,54,64,0
2025-09-25,S004,South,P0002,Beverages,3.3,0,0,0,45,57,0
2025-09-25,S006,East,P0789,Dairy,4.6,0,0,0,33,37,0
2025-09-26,S010,South,P0790,Dairy,3.37,1,0,0,50,50,1
2025-09-26,S003,South,P0457,Snacks,1.99,0,0,0,59,59,1
2025-09-27,S006,East,P0002,Beverages,3.23,0,0,1,82,88,0
2025-09-27,S002,North,P0789,Dairy,3.57,1,0,1,81,97,0
2025-09-27,S008,West,P0001,Beverages,3.42,0,0,1,61,75,0
2025-09-28,S008,West,P0001,Beverages,3.22,0,0,1,45,45,1
2025-09-28,S006,East,P0002,Beverages,3.19,0,0,1,58,59,0
2025-09-28,S009,North,P0456,Snacks,2.12,0,0,1,84,84,1
2025-09-28,S008,West,P0789,Dairy,3.74,1,0,1,67,67,1
2025-09-29,S010,South,P0789,Dairy,3.49,1,0,0,55,60,0
2025-09-29,S005,East,P0912,Personal Care,6.12,0,0,0,24,24,1
2025-09-30,S007,West,P0456,Snacks,2.08,0,0,0,74,92,0
2025-09-30,S005,East,P0790,Dairy,4.4,0,0,0,38,40,0
2025-09-30,S006,East,P0001,Beverages,3.26,0,1,0,80,87,0
2025-09-30,S007,West,P0002,Beverages,3.16,0,0,0,48,48,1
2025-09-30,S001,North,P0913,Personal Care,5.39,1,0,0,43,43,0
2025-09-30,S007,West,P0789,Dairy,3.92,0,0,0,35,35,0
2025-10-01,S010,South,P0912,Personal Care,5.68,1,0,0,40,40,1
2025-10-01,S003,South,P0001,Beverages,2.71,1,0,0,72,72,1
2025-10-02,S003,South,P0456,Snacks,2.06,0,0,0,61,61,1
2025-10-02,S007,West,P0457,Snacks,1.81,0,0,0,75,77,0
2025-10-02,S010,South,P0002,Beverages,3.42,0,0,0,49,59,0
2025-10-02,S005,East,P0002,Beverages,3.12,1,0,0,81,94,0
2025-10-04,S005,East,P0457,Snacks,1.94,0,0,1,90,90,1
2025-10-04,S010,South,P0913,Personal Care,5.92,1,0,1,41,41,1
2025-10-04,S005,East,P0790,Dairy,3.92,0,0,1,55,55,1
2025-10-04,S002,North,P0913,Personal Care,6.04,1,0,1,44,44,1
2025-10-04,S004,South,P0457,Snacks,1.93,0,0,1,116,131,0
2025-10-04,S005,East,P0001,Beverages,3.16,0,0,1,69,76,0
2025-10-05,S006,East,P0790,Dairy,3.88,1,0,1,71,71,1
2025-10-05,S003,South,P0457,Snacks,1.56,1,0,1,129,162,0
2025-10-06,S007,West,P0001,Beverages,3.77,0,0,0,43,49,0
2025-10-06,S004,South,P0912,Personal Care,6.29,0,0,0,19,22,0
2025-10-07,S002,North,P0913,Personal Care,5.42,1,0,0,22,22,1
2025-10-07,S004,South,P0789,Dairy,3.68,1,0,0,46,46,1
2025-10-07,S009,North,P0001,Beverages,3.18,0,0,0,50,61,0
2025-10-07,S009,North,P0789,Dairy,4.44,0,0,0,34,37,0
2025-10-07,S004,South,P0001,Beverages,3.59,0,0,0,34,34,1
2025-10-07,S010,South,P0789,Dairy,4.17,0,0,0,37,40,0
2025-10-08,S010,South,P0789,Dairy,3.56,1,0,0,71,72,0
2025-10-08,S001,North,P0913,Personal Care,5.76,1,1,0,40,40,1
2025-10-08,S001,North,P0913,Personal Care,6.9,0,0,0,16,16,1
2025-10-09,S001,North,P0789,Dairy,4.28,0,0,0,40,51,0
2025-10-09,S005,East,P0457,Snacks,1.99,0,0,0,57,57,1
2025-10-09,S006,East,P0789,Dairy,4.56,0,0,0,32,32,1
2025-10-09,S005,East,P0913,Personal Care,6.85,0,1,0,32,33,0
2025-10-09,S006,East,P0002,Beverages,3.44,0,0,0,56,58,0
2025-10-09,S008,West,P0002,Beverages,3.3,0,0,0,47,47,1
2025-10-10,S007,West,P0912,Personal Care,5.19,1,0,0,45,57,0
2025-10-10,S009,North,P0002,Beverages,2.69,1,0,0,77,79,0
2025-10-10,S009,North,P0913,Personal Care,5.85,0,0,0,17,17,1
2025-10-10,S001,North,P0913,Personal Care,6.44,0,0,0,28,28,1
2025-10-10,S002,North,P0913,Personal Care,6.64,0,0,0,20,20,1
2025-10-10,S002,North,P0912,Personal Care,6.25,0,0,0,23,24,0
2025-10-11,S007,West,P0913,Personal Care,5.92,0,0,1,26,26,1
2025-10-11,S006,East,P0002,Beverages,3.51,0,0,1,58,58,1
2025-10-11,S008,West,P0457,Snacks,2.12,0,0,1,113,137,0
2025-10-11,S008,West,P0790,Dairy,4.28,0,0,1,39,39,1
2025-10-12,S010,South,P0456,Snacks,2.1,0,0,1,108,108,1
2025-10-12,S006,East,P0912,Personal Care,5.61,1,0,1,51,64,0
2025-10-12,S006,East,P0913,Personal Care,6.73,0,0,1,29,30,0
2025-10-12,S001,North,P0002,Beverages,3.73,0,0,1,52,52,1
2025-10-12,S008,West,P0912,Personal Care,6.08,0,0,1,34,41,0
2025-10-12,S009,North,P0790,Dairy,4.42,0,0,1,62,77,0
2025-10-13,S002,North,P0456,Snacks,2.02,0,0,0,78,82,0
2025-10-13,S008,West,P0912,Personal Care,5.79,1,0,0,49,54,0
2025-10-13,S009,North,P0789,Dairy,4.53,0,0,0,43,53,0
2025-10-13,S001,North,P0457,Snacks,1.84,1,0,0,114,117,0
2025-10-13,S008,West,P0456,Snacks,1.53,1,0,0,139,172,0
2025-10-13,S005,East,P0457,Snacks,1.98,0,0,0,78,78,1
2025-10-13,S009,North,P0002,Beverages,3.31,0,1,0,64,70,0
2025-10-14,S004,South,P0002,Beverages,3.84,0,0,0,38,38,1
2025-10-14,S003,South,P0912,Personal Care,6.6,0,0,0,26,26,1
2025-10-15,S006,East,P0790,Dairy,3.29,1,0,0,61,61,1
2025-10-15,S009,North,P0456,Snacks,2.04,0,0,0,68,68,1
2025-10-15,S004,South,P0912,Personal Care,6.29,0,0,0,23,23,1
2025-10-15,S009,North,P0456,Snacks,1.62,1,0,0,102,102,1
2025-10-15,S002,North,P0913,Personal Care,5.81,1,0,0,36,36,1
2025-10-15,S008,West,P0002,Beverages,3.63,0,0,0,38,38,1
2025-10-15,S004,South,P0001,Beverages,3.55,0,0,0,50,50,1
2025-10-15,S007,West,P0789,Dairy,4.44,0,0,0,46,55,0
2025-10-16,S004,South,P0789,Dairy,3.42,1,0,0,52,52,1
2025-10-16,S001,North,P0001,Beverages,3.58,0,0,0,49,61,0
2025-10-16,S001,North,P0457,Snacks,2.15,0,0,0,66,66,1
2025-10-16,S006,East,P0790,Dairy,3.76,1,0,0,62,70,0
2025-10-16,S003,South,P0913,Personal Care,6.34,0,0,0,27,32,0
2025-10-16,S004,South,P0913,Personal Care,5.67,1,0,0,36,44,0
2025-10-16,S005,East,P0456,Snacks,2.07,0,0,0,73,77,0
2025-10-16,S008,West,P0457,Snacks,2.18,0,0,0,86,97,0
2025-10-17,S005,East,P0457,Snacks,1.85,0,0,0,82,95,0
2025-10-17,S006,East,P0789,Dairy,3.86,0,0,0,43,54,0
2025-10-18,S008,West,P0790,Dairy,4.34,0,0,1,50,50,1
2025-10-18,S005,East,P0789,Dairy,4.16,0,0,1,66,66,1
2025-10-18,S008,West,P0001,Beverages,3.34,0,1,1,90,102,0
2025-10-18,S009,North,P0912,Personal Care,5.98,0,0,1,35,43,0
2025-10-19,S007,West,P0456,Snacks,2.01,0,0,1,111,111,1
2025-10-19,S010,South,P0456,Snacks,1.84,1,0,1,151,180,0
2025-10-19,S001,North,P0790,Dairy,4.09,0,0,1,49,49,1
2025-10-19,S009,North,P0913,Personal Care,5.65,1,0,1,27,27,1
2025-10-20,S006,East,P0002,Beverages,3.53,0,0,0,42,48,0
2025-10-20,S008,West,P0912,Personal Care,6.19,0,0,0,18,18,1
2025-10-20,S002,North,P0001,Beverages,2.91,1,0,0,98,101,0
2025-10-20,S005,East,P0912,Personal Care,6.89,0,0,0,21,24,0
2025-10-20,S007,West,P0002,Beverages,2.97,1,0,0,92,96,0
2025-10-20,S008,West,P0790,Dairy,3.77,1,0,0,52,52,1
2025-10-21,S006,East,P0002,Beverages,3.09,1,0,0,93,93,1
2025-10-21,S010,South,P0913,Personal Care,6.6,0,0,0,28,33,0
2025-10-21,S009,North,P0456,Snacks,2.11,0,0,0,70,74,0
2025-10-21,S003,South,P0912,Personal Care,6.28,0,0,0,21,21,1
2025-10-21,S005,East,P0457,Snacks,1.87,0,0,0,68,73,0
2025-10-21,S002,North,P0789,Dairy,3.82,0,0,0,46,46,1
2025-10-22,S005,East,P0912,Personal Care,6.05,1,0,0,49,53,0
2025-10-22,S008,West,P0457,Snacks,2.0,0,0,0,83,83,1
2025-10-22,S001,North,P0790,Dairy,3.35,1,0,0,77,77,1
2025-10-23,S006,East,P0456,Snacks,1.8,1,0,0,120,120,1
2025-10-23,S008,West,P0457,Snacks,1.83,0,0,0,63,63,1
2025-10-23,S006,East,P0456,Snacks,2.11,0,0,0,90,108,0
2025-10-23,S002,North,P0457,Snacks,1.56,1,0,0,133,165,0
2025-10-23,S008,West,P0913,Personal Care,6.04,0,0,0,21,21,1
2025-10-23,S007,West,P0456,Snacks,1.82,0,0,0,66,66,1
2025-10-24,S010,South,P0002,Beverages,3.03,1,0,0,68,68,1
2025-10-25,S005,East,P0001,Beverages,3.64,0,1,1,83,83,1
2025-10-26,S003,South,P0002,Beverages,3.74,0,0,1,67,67,1
2025-10-26,S010,South,P0001,Beverages,3.82,0,0,1,60,60,1
2025-10-27,S007,West,P0456,Snacks,1.84,0,0,0,90,91,0
2025-10-27,S002,North,P0002,Beverages,3.57,0,1,0,80,80,0
2025-10-28,S002,North,P0789,Dairy,4.44,0,0,0,34,34,0
2025-10-28,S009,North,P0913,Personal Care,6.68,0,0,0,15,17,0
2025-10-28,S001,North,P0912,Personal Care,6.28,0,0,0,22,26,0
2025-10-28,S010,South,P0457,Snacks,2.15,0,0,0,78,90,0
2025-10-29,S003,South,P0790,Dairy,3.81,0,0,0,45,57,0
2025-10-29,S004,South,P0789,Dairy,4.06,0,0,0,29,29,1
2025-10-29,S006,East,P0457,Snacks,2.11,0,0,0,94,119,0
2025-10-29,S007,West,P0001,Beverages,2.93,1,0,0,77,80,0
2025-10-29,S007,West,P0457,Snacks,1.82,1,0,0,80,80,1
2025-10-30,S009,North,P0457,Snacks,2.17,0,0,0,82,98,0
2025-10-30,S006,East,P0002,Beverages,3.78,0,0,0,38,38,1
2025-10-30,S007,West,P0913,Personal Care,6.54,0,0,0,22,27,0
2025-10-30,S007,West,P0790,Dairy,4.12,0,0,0,35,39,0
2025-10-30,S004,South,P0457,Snacks,1.88,0,0,0,72,89,0
2025-10-30,S002,North,P0456,Snacks,2.1,0,0,0,92,105,0
2025-10-30,S009,North,P0789,Dairy,4.11,0,0,0,36,36,1
2025-10-30,S010,South,P0913,Personal Care,5.41,1,0,0,26,26,1
2025-10-31,S002,North,P0913,Personal Care,6.14,0,0,0,23,29,0
2025-10-31,S009,North,P0790,Dairy,4.0,0,0,0,40,40,1
2025-10-31,S010,South,P0457,Snacks,1.99,0,0,0,73,73,1
2025-10-31,S007,West,P0456,Snacks,2.0,0,0,0,83,85,0
2025-10-31,S008,West,P0002,Beverages,3.65,0,0,0,55,61,0
2025-11-01,S009,North,P0912,Personal Care,5.75,1,1,1,42,42,1
2025-11-01,S008,West,P0912,Personal Care,6.59,0,0,1,31,31,1
2025-11-01,S007,West,P0913,Personal Care,6.24,0,0,1,32,37,0
2025-11-01,S006,East,P0457,Snacks,1.88,0,0,1,118,151,0
2025-11-01,S007,West,P0457,Snacks,1.54,1,0,1,91,91,1
2025-11-02,S005,East,P0456,Snacks,2.06,0,0,1,78,78,1
2025-11-02,S006,East,P0002,Beverages,3.18,0,0,1,42,42,1
2025-11-02,S002,North,P0790,Dairy,3.93,1,0,1,55,55,1
2025-11-03,S008,West,P0001,Beverages,3.4,0,0,0,59,62,0
2025-11-03,S009,North,P0001,Beverages,3.49,0,0,0,35,35,1
2025-11-03,S004,South,P0001,Beverages,3.47,0,0,0,52,63,0
2025-11-04,S009,North,P0789,Dairy,4.29,0,1,0,48,48,1
2025-11-04,S010,South,P0789,Dairy,3.82,0,0,0,35,38,0
2025-11-04,S005,East,P0001,Beverages,3.27,1,0,0,56,56,1
2025-11-05,S003,South,P0790,Dairy,4.46,0,0,0,32,32,1
2025-11-05,S002,North,P0913,Personal Care,6.32,0,0,0,23,23,1
2025-11-05,S005,East,P0002,Beverages,3.39,0,0,0,45,45,1
2025-11-05,S001,North,P0002,Beverages,3.68,0,0,0,39,46,0
2025-11-06,S010,South,P0912,Personal Care,5.3,1,0,0,38,40,0
2025-11-06,S005,East,P0456,Snacks,1.81,1,0,0,135,166,0
2025-11-06,S005,East,P0913,Personal Care,6.03,0,0,0,24,28,0
2025-11-06,S010,South,P0790,Dairy,3.93,0,0,0,34,43,0
2025-11-07,S002,North,P0790,Dairy,3.62,1,0,0,44,44,1
2025-11-07,S008,West,P0001,Beverages,3.54,0,0,0,39,43,0
2025-11-07,S002,North,P0002,Beverages,3.5,0,0,0,57,57,1
2025-11-07,S005,East,P0001,Beverages,3.54,0,0,0,36,36,1
2025-11-07,S008,West,P0001,Beverages,3.29,0,0,0,43,51,0
2025-11-07,S002,North,P0002,Beverages,3.84,0,0,0,46,46,1
2025-11-08,S003,South,P0790,Dairy,3.53,1,0,1,63,63,1
2025-11-08,S003,South,P0457,Snacks,1.89,0,0,1,89,89,1
2025-11-08,S002,North,P0790,Dairy,4.23,0,0,1,37,37,1
2025-11-08,S007,West,P0001,Beverages,3.53,0,0,1,63,63,1
2025-11-09,S009,North,P0457,Snacks,1.86,0,0,1,93,110,0
2025-11-09,S009,North,P0912,Personal Care,6.55,0,0,1,21,22,0
2025-11-09,S002,North,P0790,Dairy,3.55,1,0,1,74,92,0
2025-11-09,S001,North,P0790,Dairy,3.81,0,0,1,44,44,1
2025-11-09,S007,West,P0002,Beverages,2.69,1,0,1,89,89,1
2025-11-09,S001,North,P0002,Beverages,3.23,1,0,1,70,70,1
2025-11-10,S009,North,P0456,Snacks,1.87,0,0,0,78,85,0
2025-11-10,S003,South,P0789,Dairy,4.53,0,0,0,33,34,0
2025-11-10,S007,West,P0457,Snacks,2.18,0,0,0,73,83,0
2025-11-11,S008,West,P0002,Beverages,3.47,0,0,0,51,53,0
2025-11-11,S010,South,P0790,Dairy,3.89,0,0,0,41,48,0
2025-11-11,S003,South,P0456,Snacks,1.73,1,0,0,141,162,0
2025-11-11,S005,East,P0456,Snacks,2.17,0,0,0,67,67,1
2025-11-12,S010,South,P0456,Snacks,2.2,0,0,0,66,80,0
2025-11-12,S009,North,P0912,Personal Care,6.53,0,0,0,11,11,1
2025-11-12,S004,South,P0001,Beverages,3.09,1,0,0,56,56,1
2025-11-12,S010,South,P0457,Snacks,1.62,1,0,0,97,97,1
2025-11-12,S006,East,P0456,Snacks,1.85,0,0,0,86,86,1
2025-11-13,S005,East,P0001,Beverages,3.14,1,0,0,87,106,0
2025-11-13,S010,South,P0002,Beverages,3.33,0,0,0,39,39,1
2025-11-13,S006,East,P0789,Dairy,3.28,1,0,0,46,46,0
2025-11-13,S001,North,P0913,Personal Care,7.1,0,0,0,16,16,1
2025-11-14,S003,South,P0001,Beverages,2.71,1,0,0,70,70,0
2025-11-14,S007,West,P0790,Dairy,4.25,0,0,0,39,49,0
2025-11-14,S009,North,P0457,Snacks,1.99,0,1,0,114,136,0
2025-11-14,S003,South,P0912,Personal Care,5.02,1,0,0,36,38,0
2025-11-14,S010,South,P0002,Beverages,3.3,0,0,0,51,64,0
2025-11-14,S005,East,P0913,Personal Care,5.38,1,0,0,42,47,0
2025-11-14,S006,East,P0001,Beverages,3.75,0,0,0,50,50,1
2025-11-15,S006,East,P0790,Dairy,4.0,0,0,1,55,64,0
2025-11-15,S006,East,P0912,Personal Care,5.07,1,0,1,39,39,1
2025-11-15,S003,South,P0790,Dairy,3.92,0,0,1,48,48,1
2025-11-15,S005,East,P0456,Snacks,1.85,1,0,1,129,160,0
2025-11-15,S003,South,P0913,Personal Care,6.6,0,0,1,27,29,0
2025-11-16,S010,South,P0912,Personal Care,5.35,1,0,1,45,45,1
2025-11-16,S006,East,P0913,Personal Care,5.77,1,0,1,58,60,0
2025-11-16,S008,West,P0913,Personal Care,5.71,1,0,1,43,45,0
2025-11-16,S004,South,P0789,Dairy,3.62,1,0,1,72,72,1
2025-11-16,S002,North,P0457,Snacks,2.1,0,0,1,78,78,1
2025-11-17,S006,East,P0789,Dairy,3.41,1,0,0,53,53,1
2025-11-17,S005,East,P0002,Beverages,3.2,0,0,0,48,59,0
2025-11-17,S008,West,P0912,Personal Care,7.08,0,0,0,21,24,0
2025-11-17,S001,North,P0001,Beverages,3.28,0,0,0,50,61,0
2025-11-18,S002,North,P0913,Personal Care,5.94,1,0,0,26,26,1
2025-11-18,S006,East,P0456,Snacks,1.94,0,0,0,82,105,0
2025-11-18,S001,North,P0913,Personal Care,6.59,0,1,0,32,32,1
2025-11-19,S003,South,P0913,Personal Care,6.42,0,0,0,28,35,0
2025-11-19,S007,West,P0912,Personal Care,6.71,0,0,0,20,20,1
2025-11-19,S003,South,P0912,Personal Care,5.94,0,0,0,19,23,0
2025-11-19,S008,West,P0913,Personal Care,6.29,0,0,0,24,25,0
2025-11-20,S005,East,P0002,Beverages,3.18,0,0,0,33,33,1
2025-11-20,S004,South,P0790,Dairy,3.88,0,0,0,55,61,0
2025-11-20,S005,East,P0912,Personal Care,6.45,0,0,0,28,28,1
2025-11-20,S005,East,P0456,Snacks,2.03,0,0,0,72,91,0
2025-11-21,S002,North,P0456,Snacks,1.81,1,0,0,114,129,0
2025-11-21,S001,North,P0457,Snacks,1.87,0,0,0,85,85,1
2025-11-21,S008,West,P0457,Snacks,1.95,0,0,0,69,84,0
2025-11-22,S001,North,P0002,Beverages,3.57,0,1,1,75,75,1
2025-11-22,S007,West,P0912,Personal Care,5.37,1,0,1,30,30,1
2025-11-22,S001,North,P0002,Beverages,3.2,0,0,1,54,54,1
2025-11-22,S003,South,P0789,Dairy,4.1,0,0,1,34,34,1
2025-11-22,S010,South,P0789,Dairy,4.28,0,0,1,46,46,1
2025-11-23,S005,East,P0457,Snacks,1.98,0,0,1,108,123,0
2025-11-23,S007,West,P0457,Snacks,2.19,0,0,1,74,74,1
2025-11-23,S005,East,P0002,Beverages,3.5,0,0,1,59,59,1
2025-11-23,S008,West,P0790,Dairy,4.04,0,0,1,65,75,0
2025-11-24,S005,East,P0456,Snacks,2.18,0,0,0,74,74,1
2025-11-24,S001,North,P0789,Dairy,3.55,1,0,0,56,72,0
2025-11-24,S002,North,P0001,Beverages,3.5,0,0,0,63,73,0
2025-11-24,S006,East,P0456,Snacks,2.05,0,0,0,76,76,1
2025-11-24,S008,West,P0456,Snacks,1.91,0,0,0,70,70,1
2025-11-24,S004,South,P0913,Personal Care,7.03,0,0,0,23,23,1
2025-11-25,S009,North,P0913,Personal Care,5.89,0,0,0,14,14,1
2025-11-25,S010,South,P0457,Snacks,1.97,0,0,0,85,90,0
2025-11-26,S007,West,P0457,Snacks,2.04,0,0,0,77,80,0
2025-11-26,S004,South,P0456,Snacks,1.73,1,0,0,152,169,0
2025-11-26,S009,North,P0002,Beverages,2.88,1,0,0,67,74,0
2025-11-26,S001,North,P0456,Snacks,2.15,0,0,0,76,96,0
2025-11-26,S010,South,P0001,Beverages,3.15,0,0,0,59,59,1
2025-11-26,S003,South,P0912,Personal Care,7.07,0,0,0,23,23,0
2025-11-26,S002,North,P0002,Beverages,3.23,0,0,0,58,64,0
2025-11-27,S010,South,P0457,Snacks,1.94,0,0,0,72,78,0
2025-11-27,S007,West,P0457,Snacks,1.98,0,0,0,64,64,1
2025-11-27,S004,South,P0002,Beverages,2.75,1,0,0,91,102,0
2025-11-27,S009,North,P0789,Dairy,4.22,0,0,0,33,33,1
2025-11-28,S005,East,P0001,Beverages,2.73,1,0,0,53,53,1
2025-11-29,S001,North,P0457,Snacks,2.12,0,0,1,96,96,1
2025-11-30,S003,South,P0790,Dairy,4.55,0,0,1,42,42,1
2025-12-01,S010,South,P0912,Personal Care,6.51,0,0,0,21,25,0
2025-12-01,S008,West,P0913,Personal Care,6.29,0,0,0,22,25,0
2025-12-01,S002,North,P0002,Beverages,3.07,1,0,0,77,97,0
2025-12-01,S002,North,P0456,Snacks,1.94,0,0,0,65,65,1
2025-12-01,S006,East,P0457,Snacks,1.86,1,0,0,122,152,0
2025-12-02,S007,West,P0913,Personal Care,5.85,1,0,0,40,40,1
2025-12-02,S002,North,P0913,Personal Care,6.61,0,0,0,17,17,1
2025-12-03,S006,East,P0001,Beverages,3.64,0,1,0,63,63,1
2025-12-03,S008,West,P0790,Dairy,4.52,0,0,0,34,34,1
2025-12-03,S009,North,P0002,Beverages,3.82,0,0,0,41,41,1
2025-12-03,S001,North,P0002,Beverages,3.42,0,0,0,51,63,0
2025-12-04,S010,South,P0790,Dairy,4.36,0,0,0,32,39,0
2025-12-04,S002,North,P0002,Beverages,3.58,0,0,0,40,40,1
2025-12-04,S010,South,P0912,Personal Care,7.08,0,0,0,24,27,0
2025-12-04,S007,West,P0790,Dairy,4.26,0,0,0,34,34,1
2025-12-05,S004,South,P0912,Personal Care,5.12,1,0,0,36,36,1
2025-12-05,S002,North,P0789,Dairy,4.1,0,0,0,32,32,1
2025-12-05,S002,North,P0913,Personal Care,6.7,0,0,0,18,20,0
2025-12-05,S010,South,P0002,Beverages,3.55,0,0,0,41,41,1
2025-12-06,S010,South,P0001,Beverages,3.3,0,0,1,58,58,1
2025-12-06,S004,South,P0789,Dairy,4.38,0,0,1,45,45,1
2025-12-06,S001,North,P0790,Dairy,3.92,0,0,1,46,46,0
2025-12-06,S004,South,P0789,Dairy,4.21,0,0,1,59,73,0
2025-12-06,S009,North,P0457,Snacks,1.73,1,0,1,142,153,0
2025-12-07,S001,North,P0002,Beverages,2.69,1,0,1,87,112,0
2025-12-07,S010,South,P0790,Dairy,4.5,0,0,1,56,58,0
2025-12-07,S004,South,P0913,Personal Care,6.98,0,0,1,38,38,1
2025-12-07,S009,North,P0789,Dairy,4.4,0,0,1,54,62,0
2025-12-08,S010,South,P0002,Beverages,3.27,0,0,0,47,60,0
2025-12-08,S004,South,P0790,Dairy,3.82,0,0,0,21,26,0
2025-12-08,S007,West,P0790,Dairy,3.38,1,0,0,53,53,1
2025-12-08,S004,South,P0913,Personal Care,6.7,0,0,0,24,28,0
2025-12-08,S005,East,P0912,Personal Care,6.06,0,0,0,13,15,0
2025-12-08,S010,South,P0002,Beverages,3.22,0,0,0,39,39,1
2025-12-08,S009,North,P0913,Personal Care,7.0,0,1,0,44,56,0
2025-12-08,S010,South,P0457,Snacks,1.71,1,0,0,123,142,0
2025-12-08,S001,North,P0001,Beverages,3.56,0,0,0,56,62,0
2025-12-09,S010,South,P0457,Snacks,1.99,0,0,0,57,57,1
2025-12-10,S009,North,P0457,Snacks,1.85,0,1,0,148,160,0
2025-12-10,S005,East,P0913,Personal Care,5.52,1,0,0,27,27,1
2025-12-10,S004,South,P0456,Snacks,1.56,1,0,0,125,144,0
2025-12-11,S004,South,P0790,Dairy,3.51,1,0,0,74,91,0
2025-12-11,S010,South,P0002,Beverages,3.85,0,0,0,44,52,0
2025-12-12,S007,West,P0789,Dairy,4.03,0,0,0,34,34,1
2025-12-12,S008,West,P0912,Personal Care,6.59,0,0,0,14,14,1
2025-12-12,S005,East,P0457,Snacks,2.16,0,0,0,77,77,1
2025-12-12,S005,East,P0790,Dairy,4.06,0,0,0,35,39,0
2025-12-12,S002,North,P0913,Personal Care,5.74,1,0,0,40,51,0
2025-12-12,S005,East,P0456,Snacks,1.72,1,0,0,95,95,1
2025-12-12,S001,North,P0789,Dairy,3.44,1,0,0,48,48,1
2025-12-12,S002,North,P0790,Dairy,4.46,0,1,0,48,48,1
2025-12-12,S008,West,P0790,Dairy,4.01,0,0,0,33,41,0
2025-12-13,S005,East,P0456,Snacks,1.82,0,0,1,143,175,0
2025-12-13,S007,West,P0002,Beverages,3.61,0,0,1,51,59,0
2025-12-14,S003,South,P0913,Personal Care,6.98,0,0,1,47,57,0
2025-12-14,S002,North,P0913,Personal Care,5.94,0,0,1,28,28,1
2025-12-14,S008,West,P0912,Personal Care,7.12,0,0,1,31,35,0
2025-12-14,S006,East,P0456,Snacks,1.81,0,0,1,94,94,1
2025-12-15,S003,South,P0790,Dairy,3.65,1,0,0,59,59,1
2025-12-15,S003,South,P0790,Dairy,4.61,0,0,0,39,39,1
2025-12-15,S002,North,P0456,Snacks,2.1,0,0,0,76,76,1
2025-12-15,S010,South,P0456,Snacks,2.12,0,0,0,82,103,0
2025-12-15,S002,North,P0456,Snacks,2.15,0,0,0,71,71,1
2025-12-15,S003,South,P0912,Personal Care,6.99,0,0,0,14,14,1
2025-12-15,S008,West,P0790,Dairy,3.82,0,0,0,29,29,1
2025-12-15,S003,South,P0001,Beverages,3.53,0,0,0,35,35,1
2025-12-16,S007,West,P0456,Snacks,1.59,1,0,0,143,156,0
2025-12-16,S005,East,P0002,Beverages,3.71,0,0,0,46,53,0
2025-12-16,S001,North,P0456,Snacks,1.56,1,0,0,136,162,0
2025-12-16,S009,North,P0002,Beverages,3.71,0,0,0,50,50,1
2025-12-17,S006,East,P0789,Dairy,4.06,0,0,0,51,65,0
2025-12-17,S005,East,P0913,Personal Care,6.2,0,0,0,16,16,1
2025-12-18,S010,South,P0789,Dairy,4.29,0,0,0,33,35,0
2025-12-18,S010,South,P0913,Personal Care,5.25,1,1,0,39,39,1
2025-12-18,S007,West,P0790,Dairy,3.79,0,0,0,22,22,1
2025-12-19,S006,East,P0002,Beverages,3.31,0,0,0,47,57,0
2025-12-19,S005,East,P0457,Snacks,1.95,0,0,0,92,118,0
2025-12-20,S010,South,P0456,Snacks,1.73,1,0,1,130,130,1
2025-12-20,S006,East,P0456,Snacks,2.13,0,0,1,122,145,0
2025-12-21,S009,North,P0912,Personal Care,5.25,1,0,1,56,70,0
2025-12-21,S008,West,P0913,Personal Care,5.81,1,0,1,34,42,0
2025-12-21,S002,North,P0912,Personal Care,5.65,1,0,1,46,51,0
2025-12-21,S001,North,P0790,Dairy,3.26,1,0,1,67,78,0
2025-12-21,S008,West,P0457,Snacks,1.91,0,0,1,87,87,1
2025-12-22,S004,South,P0790,Dairy,4.42,0,0,0,23,23,1
2025-12-22,S008,West,P0790,Dairy,3.79,0,0,0,37,37,1
2025-12-22,S005,East,P0789,Dairy,4.05,0,1,0,60,60,1
2025-12-23,S004,South,P0457,Snacks,1.59,1,0,0,138,143,0
2025-12-23,S010,South,P0002,Beverages,3.18,0,0,0,38,45,0
2025-12-23,S009,North,P0456,Snacks,1.89,0,0,0,86,111,0
2025-12-24,S004,South,P0913,Personal Care,5.96,0,0,0,24,29,0
2025-12-24,S001,North,P0456,Snacks,1.66,1,0,0,137,137,1
2025-12-25,S006,East,P0912,Personal Care,6.28,0,0,0,17,17,1
2025-12-25,S006,East,P0002,Beverages,3.41,0,0,0,46,46,1
2025-12-25,S010,South,P0789,Dairy,4.59,0,0,0,49,53,0
2025-12-25,S008,West,P0457,Snacks,2.08,0,0,0,64,64,1
2025-12-26,S002,North,P0790,Dairy,3.87,0,0,0,33,38,0
2025-12-26,S009,North,P0913,Personal Care,6.71,0,0,0,19,19,1
2025-12-26,S005,East,P0001,Beverages,3.79,0,0,0,44,56,0
2025-12-26,S004,South,P0002,Beverages,3.25,0,0,0,44,44,1
2025-12-26,S004,South,P0912,Personal Care,6.04,0,0,0,30,34,0
2025-12-26,S005,East,P0789,Dairy,4.02,0,0,0,36,36,1
2025-12-26,S003,South,P0790,Dairy,4.04,0,0,0,40,40,1
2025-12-26,S008,West,P0913,Personal Care,6.44,0,0,0,37,41,0
2025-12-27,S001,North,P0001,Beverages,2.91,1,0,1,68,68,1
2025-12-27,S002,North,P0913,Personal Care,6.38,0,0,1,18,18,1
2025-12-27,S007,West,P0789,Dairy,4.01,0,0,1,40,40,1
2025-12-27,S002,North,P0913,Personal Care,6.56,0,0,1,35,36,0
2025-12-28,S010,South,P0789,Dairy,4.5,0,0,1,40,40,1
2025-12-29,S005,East,P0002,Beverages,3.41,0,1,0,63,63,1
2025-12-29,S005,East,P0002,Beverages,3.26,0,0,0,52,54,0
2025-12-29,S005,East,P0912,Personal Care,6.88,0,0,0,24,28,0
2025-12-30,S004,South,P0457,Snacks,1.97,0,0,0,74,85,0
2025-12-30,S008,West,P0912,Personal Care,6.17,0,0,0,20,20,0
2025-12-30,S004,South,P0912,Personal Care,6.23,0,0,0,20,20,1
2025-12-30,S009,North,P0456,Snacks,1.84,0,0,0,72,82,0
2025-12-30,S008,West,P0790,Dairy,3.37,1,0,0,58,58,1
2025-12-31,S002,North,P0002,Beverages,3.26,1,0,0,84,97,0
2025-12-31,S007,West,P0457,Snacks,1.95,0,0,0,102,124,0
2025-12-31,S008,West,P0456,Snacks,1.71,1,0,0,135,135,1
2025-12-31,S002,North,P0789,Dairy,3.83,0,0,0,44,44,1
2025-12-31,S002,North,P0457,Snacks,1.74,1,1,0,155,169,0
2025-12-31,S010,South,P0456,Snacks,1.73,1,0,0,113,113,1
2025-12-31,S004,South,P0789,Dairy,4.57,0,0,0,25,25,1
2025-12-31,S005,East,P0001,Beverages,3.11,1,0,0,59,59,1
2025-12-31,S004,South,P0912,Personal Care,6.61,0,0,0,30,34,0
