date,units_sold
2025-01-05,1515
2025-01-12,1606
2025-01-19,1709
2025-01-26,994
2025-02-02,1044
2025-02-09,2073
2025-02-16,1834
2025-02-23,2331
2025-03-02,1364
2025-03-09,1585
2025-03-16,980
2025-03-23,1527
2025-03-30,1036
2025-04-06,1575
2025-04-13,1908
2025-04-20,1630
2025-04-27,2277
2025-05-04,1536
2025-05-11,2062
2025-05-18,1544
2025-05-25,1795
2025-06-01,2630
2025-06-08,1484
2025-06-15,2014
2025-06-22,2173
2025-06-29,1719
2025-07-06,1237
2025-07-13,1438
2025-07-20,1861
2025-07-27,1002
2025-08-03,1724
2025-08-10,1618
2025-08-17,2424
2025-08-24,1557
2025-08-31,1372
2025-09-07,1463
2025-09-14,1826
2025-09-21,1727
2025-09-28,1340
2025-10-05,1390
2025-10-12,1458
2025-10-19,2208
2025-10-26,1629
2025-11-02,1810
2025-11-09,1563
2025-11-16,1984
2025-11-23,1404
2025-11-30,1424
2025-12-07,1395
2025-12-14,1713
2025-12-21,1622
2025-12-28,1203
2026-01-04,1130
